#
# There is insufficient memory for the Java Runtime Environment to continue.
# Native memory allocation (malloc) failed to allocate 1942528 bytes for Chunk::new
# Possible reasons:
#   The system is out of physical RAM or swap space
#   The process is running with CompressedOops enabled, and the Java Heap may be blocking the growth of the native heap
# Possible solutions:
#   Reduce memory load on the system
#   Increase physical memory or swap space
#   Check if swap backing store is full
#   Decrease Java heap size (-Xmx/-Xms)
#   Decrease number of Java threads
#   Decrease Java thread stack sizes (-Xss)
#   Set larger code cache with -XX:ReservedCodeCacheSize=
#   JVM is running with Zero Based Compressed Oops mode in which the Java heap is
#     placed in the first 32GB address space. The Java Heap base address is the
#     maximum limit for the native heap growth. Please use -XX:HeapBaseMinAddress
#     to set the Java Heap base and to place the Java Heap above 32GB virtual address.
# This output file may be truncated or incomplete.
#
#  Out of Memory Error (arena.cpp:189), pid=99660, tid=95692
#
# JRE version: Java(TM) SE Runtime Environment (17.0.12+8) (build 17.0.12+8-LTS-286)
# Java VM: Java HotSpot(TM) 64-Bit Server VM (17.0.12+8-LTS-286, mixed mode, sharing, tiered, compressed oops, compressed class ptrs, g1 gc, windows-amd64)
# No core dump will be written. Minidumps are not enabled by default on client versions of Windows
#

---------------  S U M M A R Y ------------

Command Line: --add-opens=java.base/java.lang=ALL-UNNAMED --add-opens=java.base/java.lang.invoke=ALL-UNNAMED --add-opens=java.base/java.util=ALL-UNNAMED --add-opens=java.prefs/java.util.prefs=ALL-UNNAMED --add-exports=jdk.compiler/com.sun.tools.javac.api=ALL-UNNAMED --add-exports=jdk.compiler/com.sun.tools.javac.util=ALL-UNNAMED --add-opens=java.base/java.util=ALL-UNNAMED --add-opens=java.prefs/java.util.prefs=ALL-UNNAMED --add-opens=java.base/java.nio.charset=ALL-UNNAMED --add-opens=java.base/java.net=ALL-UNNAMED --add-opens=java.base/java.util.concurrent.atomic=ALL-UNNAMED --add-opens=java.xml/javax.xml.namespace=ALL-UNNAMED -XX:MaxMetaspaceSize=512m -Xmx4096m -Dfile.encoding=windows-1252 -Duser.country=US -Duser.language=en -Duser.variant -javaagent:C:\Users\PMLS\.gradle\wrapper\dists\gradle-8.13-bin\5xuhj0ry160q40clulazy9h7d\gradle-8.13\lib\agents\gradle-instrumentation-agent-8.13.jar org.gradle.launcher.daemon.bootstrap.GradleDaemon 8.13

Host: 12th Gen Intel(R) Core(TM) i5-1235U, 12 cores, 15G,  Windows 10 , 64 bit Build 19041 (10.0.19041.5915)
Time: Sat Jul 19 01:19:46 2025 Pakistan Standard Time elapsed time: 162.888430 seconds (0d 0h 2m 42s)

---------------  T H R E A D  ---------------

Current thread (0x0000019da2d93480):  JavaThread "C2 CompilerThread1" daemon [_thread_in_native, id=95692, stack(0x0000003227200000,0x0000003227300000)]


Current CompileTask:
C2: 162888 24626   !   4       java.nio.file.FileTreeWalker::next (144 bytes)

Stack: [0x0000003227200000,0x0000003227300000]
Native frames: (J=compiled Java code, j=interpreted, Vv=VM code, C=native code)
V  [jvm.dll+0x67a04a]
V  [jvm.dll+0x7da4ed]
V  [jvm.dll+0x7dbe33]
V  [jvm.dll+0x7dc4a3]
V  [jvm.dll+0x24508f]
V  [jvm.dll+0xab773]
V  [jvm.dll+0xabd3c]
V  [jvm.dll+0x361bee]
V  [jvm.dll+0x32c431]
V  [jvm.dll+0x32b8ca]
V  [jvm.dll+0x21683f]
V  [jvm.dll+0x215c6f]
V  [jvm.dll+0x1a2960]
V  [jvm.dll+0x22610b]
V  [jvm.dll+0x2242ab]
V  [jvm.dll+0x79075c]
V  [jvm.dll+0x78abea]
V  [jvm.dll+0x678f35]
C  [ucrtbase.dll+0x21bb2]
C  [KERNEL32.DLL+0x17374]
C  [ntdll.dll+0x4cc91]


---------------  P R O C E S S  ---------------

Threads class SMR info:
_java_thread_list=0x0000019dae3ae490, length=220, elements={
0x0000019ddce63370, 0x0000019d801e0300, 0x0000019d801e0dd0, 0x0000019d801f1e70,
0x0000019d801f2940, 0x0000019d801f6330, 0x0000019d801f6c00, 0x0000019d801f7800,
0x0000019d801f8110, 0x0000019d801f8a20, 0x0000019d803eb3b0, 0x0000019d80504d00,
0x0000019da0fa7570, 0x0000019da145a490, 0x0000019da1449d60, 0x0000019da13ae920,
0x0000019da13ac5b0, 0x0000019da13aee30, 0x0000019da1915ff0, 0x0000019da1912330,
0x0000019da19197a0, 0x0000019da1912d50, 0x0000019da31f89b0, 0x0000019da5880540,
0x0000019da5880030, 0x0000019da587ebf0, 0x0000019da587f100, 0x0000019da587be60,
0x0000019da587c370, 0x0000019da5880f60, 0x0000019da6f07770, 0x0000019da6f06840,
0x0000019da6dbf560, 0x0000019da6dbc7d0, 0x0000019da6dc1de0, 0x0000019da6dbe120,
0x0000019da6dbe630, 0x0000019da19146a0, 0x0000019da6dbf050, 0x0000019dad945140,
0x0000019dad9437f0, 0x0000019dad944c30, 0x0000019dad946580, 0x0000019dad940f70,
0x0000019dad941480, 0x0000019dad941990, 0x0000019dad93f110, 0x0000019dad94d4e0,
0x0000019dad94c5b0, 0x0000019dad9474b0, 0x0000019dad9488f0, 0x0000019dad94a750,
0x0000019dad94c0a0, 0x0000019dad946a90, 0x0000019dad94cac0, 0x0000019dad94cfd0,
0x0000019dad94a240, 0x0000019dad948e00, 0x0000019dad94ac60, 0x0000019dad947ed0,
0x0000019dad9479c0, 0x0000019dad9483e0, 0x0000019dad949310, 0x0000019dad949820,
0x0000019dad949d30, 0x0000019dad94b170, 0x0000019dad94b680, 0x0000019dad94bb90,
0x0000019da6152960, 0x0000019da6153890, 0x0000019da6150b00, 0x0000019da61542b0,
0x0000019da61500e0, 0x0000019da6153380, 0x0000019da6153da0, 0x0000019da6157040,
0x0000019da61547c0, 0x0000019da6157550, 0x0000019da6152450, 0x0000019da6154cd0,
0x0000019da61551e0, 0x0000019da6151010, 0x0000019da61505f0, 0x0000019da61556f0,
0x0000019da6155c00, 0x0000019da6151520, 0x0000019da6151a30, 0x0000019da6151f40,
0x0000019da6156620, 0x0000019da6156b30, 0x0000019da31f7f90, 0x0000019da31fa810,
0x0000019da31f93d0, 0x0000019da31fb230, 0x0000019da31f8ec0, 0x0000019da31f98e0,
0x0000019da31feef0, 0x0000019da31fc160, 0x0000019da31f9df0, 0x0000019da31f84a0,
0x0000019da31fad20, 0x0000019da31fdab0, 0x0000019da31ff400, 0x0000019da31fe4d0,
0x0000019da31fb740, 0x0000019da31fc670, 0x0000019da31fcb80, 0x0000019da31fd090,
0x0000019da31fd5a0, 0x0000019da31fdfc0, 0x0000019da31fe9e0, 0x0000019da31ff910,
0x0000019da6f09ff0, 0x0000019da6f09ae0, 0x0000019da6f0a500, 0x0000019da6f0aa10,
0x0000019da6f0af20, 0x0000019da6f0b940, 0x0000019da6f0b430, 0x0000019da6f0c360,
0x0000019da6f0d290, 0x0000019da6f0cd80, 0x0000019da6f0c870, 0x0000019da6f0d7a0,
0x0000019da6f08190, 0x0000019da6f0dcb0, 0x0000019da6f0e1c0, 0x0000019da6f07260,
0x0000019da6f07c80, 0x0000019da1914190, 0x0000019da1916f20, 0x0000019da1912840,
0x0000019da1917430, 0x0000019da1917e50, 0x0000019da19150c0, 0x0000019da1913770,
0x0000019da1913c80, 0x0000019da1917940, 0x0000019da1919290, 0x0000019da1913260,
0x0000019da1918870, 0x0000019da1914bb0, 0x0000019da1918d80, 0x0000019da19155d0,
0x0000019da1915ae0, 0x0000019da587cd90, 0x0000019da5880a50, 0x0000019da587e1d0,
0x0000019da587a000, 0x0000019da5881980, 0x0000019da587a510, 0x0000019da587f610,
0x0000019da587d7b0, 0x0000019da587aa20, 0x0000019da587c880, 0x0000019da587af30,
0x0000019da587dcc0, 0x0000019da587d2a0, 0x0000019da587b440, 0x0000019da587fb20,
0x0000019da587b950, 0x0000019da13acfd0, 0x0000019da13ad4e0, 0x0000019da13adf00,
0x0000019da13af340, 0x0000019da13af850, 0x0000019da13ad9f0, 0x0000019da13ac0a0,
0x0000019da13ae410, 0x0000019da6dbc2c0, 0x0000019da6dbd700, 0x0000019da6dbff80,
0x0000019da6dbeb40, 0x0000019da6dc18d0, 0x0000019da6dbcce0, 0x0000019daca125b0,
0x0000019daca171a0, 0x0000019daca134e0, 0x0000019daca14e30, 0x0000019daca18af0,
0x0000019daca16780, 0x0000019daca12ac0, 0x0000019daca15340, 0x0000019daca13f00,
0x0000019daca185e0, 0x0000019daca139f0, 0x0000019daca12fd0, 0x0000019daca19a20,
0x0000019daca17bc0, 0x0000019daca14410, 0x0000019daca19000, 0x0000019daca19f30,
0x0000019daca1a440, 0x0000019daca1b880, 0x0000019daca19510, 0x0000019daca1a950,
0x0000019daca15850, 0x0000019daca16c90, 0x0000019daca15d60, 0x0000019daca1ae60,
0x0000019daca176b0, 0x0000019daca1bd90, 0x0000019daca14920, 0x0000019daca1b370,
0x0000019daca1c7b0, 0x0000019daca1d6e0, 0x0000019daca21dc0, 0x0000019daca1e100,
0x0000019daca1f030, 0x0000019daca1fa50, 0x0000019daca1ff60, 0x0000019daca20470,
0x0000019daca20980, 0x0000019daca20e90, 0x0000019daca213a0, 0x0000019dad93dcd0,
0x0000019dad940a60, 0x0000019dad93ec00, 0x0000019da6dbd1f0, 0x0000019da2d93480
}

Java Threads: ( => current thread )
  0x0000019ddce63370 JavaThread "main" [_thread_blocked, id=99132, stack(0x0000003218b00000,0x0000003218c00000)]
  0x0000019d801e0300 JavaThread "Reference Handler" daemon [_thread_blocked, id=92796, stack(0x0000003219200000,0x0000003219300000)]
  0x0000019d801e0dd0 JavaThread "Finalizer" daemon [_thread_blocked, id=86476, stack(0x0000003219300000,0x0000003219400000)]
  0x0000019d801f1e70 JavaThread "Signal Dispatcher" daemon [_thread_blocked, id=67620, stack(0x0000003219400000,0x0000003219500000)]
  0x0000019d801f2940 JavaThread "Attach Listener" daemon [_thread_blocked, id=89012, stack(0x0000003219500000,0x0000003219600000)]
  0x0000019d801f6330 JavaThread "Service Thread" daemon [_thread_blocked, id=85704, stack(0x0000003219600000,0x0000003219700000)]
  0x0000019d801f6c00 JavaThread "Monitor Deflation Thread" daemon [_thread_blocked, id=96540, stack(0x0000003219700000,0x0000003219800000)]
  0x0000019d801f7800 JavaThread "C2 CompilerThread0" daemon [_thread_blocked, id=84892, stack(0x0000003219800000,0x0000003219900000)]
  0x0000019d801f8110 JavaThread "C1 CompilerThread0" daemon [_thread_blocked, id=93064, stack(0x0000003219900000,0x0000003219a00000)]
  0x0000019d801f8a20 JavaThread "Sweeper thread" daemon [_thread_blocked, id=99404, stack(0x0000003219a00000,0x0000003219b00000)]
  0x0000019d803eb3b0 JavaThread "Common-Cleaner" daemon [_thread_blocked, id=95336, stack(0x0000003219b00000,0x0000003219c00000)]
  0x0000019d80504d00 JavaThread "Notification Thread" daemon [_thread_blocked, id=79124, stack(0x0000003219d00000,0x0000003219e00000)]
  0x0000019da0fa7570 JavaThread "Daemon health stats" [_thread_blocked, id=94464, stack(0x000000321a500000,0x000000321a600000)]
  0x0000019da145a490 JavaThread "Incoming local TCP Connector on port 53610" [_thread_in_native, id=94216, stack(0x000000321a600000,0x000000321a700000)]
  0x0000019da1449d60 JavaThread "Daemon periodic checks" [_thread_blocked, id=98296, stack(0x000000321a700000,0x000000321a800000)]
  0x0000019da13ae920 JavaThread "Cache worker for journal cache (C:\Users\PMLS\.gradle\caches\journal-1)" [_thread_blocked, id=97992, stack(0x000000321af00000,0x000000321b000000)]
  0x0000019da13ac5b0 JavaThread "File lock request listener" [_thread_in_native, id=34572, stack(0x000000321b000000,0x000000321b100000)]
  0x0000019da13aee30 JavaThread "Cache worker for file hash cache (C:\Users\PMLS\.gradle\caches\8.13\fileHashes)" [_thread_blocked, id=95568, stack(0x000000321b100000,0x000000321b200000)]
  0x0000019da1915ff0 JavaThread "File watcher server" daemon [_thread_blocked, id=96480, stack(0x000000321ba00000,0x000000321bb00000)]
  0x0000019da1912330 JavaThread "File watcher consumer" daemon [_thread_blocked, id=89740, stack(0x000000321bb00000,0x000000321bc00000)]
  0x0000019da19197a0 JavaThread "jar transforms" [_thread_blocked, id=94236, stack(0x000000321bd00000,0x000000321be00000)]
  0x0000019da1912d50 JavaThread "Cache worker for file content cache (C:\Users\PMLS\.gradle\caches\8.13\fileContent)" [_thread_blocked, id=98400, stack(0x000000321bf00000,0x000000321c000000)]
  0x0000019da31f89b0 JavaThread "Memory manager" [_thread_blocked, id=90516, stack(0x000000321ef00000,0x000000321f000000)]
  0x0000019da5880540 JavaThread "ForkJoinPool.commonPool-worker-2" daemon [_thread_blocked, id=92088, stack(0x0000003221f00000,0x0000003222000000)]
  0x0000019da5880030 JavaThread "ForkJoinPool.commonPool-worker-3" daemon [_thread_blocked, id=99276, stack(0x0000003222000000,0x0000003222100000)]
  0x0000019da587ebf0 JavaThread "ForkJoinPool.commonPool-worker-4" daemon [_thread_blocked, id=78360, stack(0x0000003222100000,0x0000003222200000)]
  0x0000019da587f100 JavaThread "ForkJoinPool.commonPool-worker-5" daemon [_thread_blocked, id=97756, stack(0x0000003222200000,0x0000003222300000)]
  0x0000019da587be60 JavaThread "ForkJoinPool.commonPool-worker-6" daemon [_thread_blocked, id=94560, stack(0x0000003222300000,0x0000003222400000)]
  0x0000019da587c370 JavaThread "ForkJoinPool.commonPool-worker-7" daemon [_thread_blocked, id=56360, stack(0x0000003222400000,0x0000003222500000)]
  0x0000019da5880f60 JavaThread "ForkJoinPool.commonPool-worker-9" daemon [_thread_blocked, id=84076, stack(0x0000003222600000,0x0000003222700000)]
  0x0000019da6f07770 JavaThread "jar transforms Thread 2" [_thread_blocked, id=76476, stack(0x0000003225a00000,0x0000003225b00000)]
  0x0000019da6f06840 JavaThread "jar transforms Thread 3" [_thread_blocked, id=99508, stack(0x0000003225e00000,0x0000003225f00000)]
  0x0000019da6dbf560 JavaThread "jar transforms Thread 4" [_thread_blocked, id=95728, stack(0x0000003226300000,0x0000003226400000)]
  0x0000019da6dbc7d0 JavaThread "jar transforms Thread 5" [_thread_blocked, id=98156, stack(0x0000003226500000,0x0000003226600000)]
  0x0000019da6dc1de0 JavaThread "jar transforms Thread 6" [_thread_blocked, id=93744, stack(0x0000003226600000,0x0000003226700000)]
  0x0000019da6dbe120 JavaThread "jar transforms Thread 7" [_thread_blocked, id=98068, stack(0x0000003226800000,0x0000003226900000)]
  0x0000019da6dbe630 JavaThread "jar transforms Thread 8" [_thread_blocked, id=72228, stack(0x0000003226900000,0x0000003226a00000)]
  0x0000019da19146a0 JavaThread "jar transforms Thread 9" [_thread_blocked, id=61436, stack(0x0000003226a00000,0x0000003226b00000)]
  0x0000019da6dbf050 JavaThread "jar transforms Thread 10" [_thread_blocked, id=90940, stack(0x0000003226b00000,0x0000003226c00000)]
  0x0000019dad945140 JavaThread "jar transforms Thread 11" [_thread_blocked, id=85404, stack(0x0000003226c00000,0x0000003226d00000)]
  0x0000019dad9437f0 JavaThread "jar transforms Thread 12" [_thread_blocked, id=88960, stack(0x0000003226d00000,0x0000003226e00000)]
  0x0000019dad944c30 JavaThread "Daemon Thread 2" [_thread_blocked, id=92720, stack(0x0000003218800000,0x0000003218900000)]
  0x0000019dad946580 JavaThread "Handler for socket connection from /127.0.0.1:53610 to /127.0.0.1:54142" [_thread_in_native, id=95652, stack(0x0000003218900000,0x0000003218a00000)]
  0x0000019dad940f70 JavaThread "Cancel handler" [_thread_blocked, id=93136, stack(0x0000003218a00000,0x0000003218b00000)]
  0x0000019dad941480 JavaThread "Daemon worker Thread 2" [_thread_blocked, id=93452, stack(0x0000003219c00000,0x0000003219d00000)]
  0x0000019dad941990 JavaThread "Asynchronous log dispatcher for DefaultDaemonConnection: socket connection from /127.0.0.1:53610 to /127.0.0.1:54142" [_thread_blocked, id=84944, stack(0x0000003219f00000,0x000000321a000000)]
  0x0000019dad93f110 JavaThread "Stdin handler" [_thread_blocked, id=97716, stack(0x000000321a800000,0x000000321a900000)]
  0x0000019dad94d4e0 JavaThread "Daemon client event forwarder" [_thread_blocked, id=93936, stack(0x000000321a900000,0x000000321aa00000)]
  0x0000019dad94c5b0 JavaThread "Cache worker for file hash cache (C:\Users\PMLS\AndroidStudioProjects\SafeMum\SafeMum\android\.gradle\8.13\fileHashes)" [_thread_blocked, id=97236, stack(0x000000321aa00000,0x000000321ab00000)]
  0x0000019dad9474b0 JavaThread "Cache worker for Build Output Cleanup Cache (C:\Users\PMLS\AndroidStudioProjects\SafeMum\SafeMum\android\.gradle\buildOutputCleanup)" [_thread_blocked, id=58396, stack(0x000000321ab00000,0x000000321ac00000)]
  0x0000019dad9488f0 JavaThread "Cache worker for checksums cache (C:\Users\PMLS\AndroidStudioProjects\SafeMum\SafeMum\android\.gradle\8.13\checksums)" [_thread_blocked, id=77044, stack(0x000000321ad00000,0x000000321ae00000)]
  0x0000019dad94a750 JavaThread "Exec process Thread 4" [_thread_blocked, id=97224, stack(0x000000321ae00000,0x000000321af00000)]
  0x0000019dad94c0a0 JavaThread "Exec process Thread 5" [_thread_blocked, id=93412, stack(0x000000321b200000,0x000000321b300000)]
  0x0000019dad946a90 JavaThread "Exec process Thread 6" [_thread_blocked, id=55680, stack(0x000000321b300000,0x000000321b400000)]
  0x0000019dad94cac0 JavaThread "Cache worker for cache directory md-supplier (C:\Users\PMLS\.gradle\caches\8.13\md-supplier)" [_thread_blocked, id=91236, stack(0x000000321ac00000,0x000000321ad00000)]
  0x0000019dad94cfd0 JavaThread "Cache worker for cache directory md-rule (C:\Users\PMLS\.gradle\caches\8.13\md-rule)" [_thread_blocked, id=99068, stack(0x000000321be00000,0x000000321bf00000)]
  0x0000019dad94a240 JavaThread "Cache worker for Build Output Cleanup Cache (C:\Users\PMLS\AndroidStudioProjects\SafeMum\SafeMum\node_modules\@react-native\gradle-plugin\.gradle\buildOutputCleanup)" [_thread_blocked, id=63280, stack(0x000000321c000000,0x000000321c100000)]
  0x0000019dad948e00 JavaThread "Unconstrained build operations" [_thread_blocked, id=88984, stack(0x000000321c100000,0x000000321c200000)]
  0x0000019dad94ac60 JavaThread "Unconstrained build operations Thread 2" [_thread_blocked, id=76204, stack(0x000000321c200000,0x000000321c300000)]
  0x0000019dad947ed0 JavaThread "Unconstrained build operations Thread 3" [_thread_blocked, id=94704, stack(0x000000321c300000,0x000000321c400000)]
  0x0000019dad9479c0 JavaThread "Unconstrained build operations Thread 4" [_thread_blocked, id=99104, stack(0x000000321c400000,0x000000321c500000)]
  0x0000019dad9483e0 JavaThread "Cache worker for Build Output Cleanup Cache (C:\Users\PMLS\AndroidStudioProjects\SafeMum\SafeMum\node_modules\expo-modules-autolinking\android\expo-gradle-plugin\.gradle\buildOutputCleanup)" [_thread_blocked, id=99900, stack(0x000000321c500000,0x000000321c600000)]
  0x0000019dad949310 JavaThread "Unconstrained build operations Thread 5" [_thread_blocked, id=88104, stack(0x000000321c800000,0x000000321c900000)]
  0x0000019dad949820 JavaThread "Unconstrained build operations Thread 6" [_thread_blocked, id=96408, stack(0x000000321c900000,0x000000321ca00000)]
  0x0000019dad949d30 JavaThread "Unconstrained build operations Thread 7" [_thread_blocked, id=66940, stack(0x000000321ca00000,0x000000321cb00000)]
  0x0000019dad94b170 JavaThread "Unconstrained build operations Thread 8" [_thread_blocked, id=66476, stack(0x000000321cb00000,0x000000321cc00000)]
  0x0000019dad94b680 JavaThread "Unconstrained build operations Thread 9" [_thread_blocked, id=81824, stack(0x000000321cc00000,0x000000321cd00000)]
  0x0000019dad94bb90 JavaThread "Unconstrained build operations Thread 10" [_thread_blocked, id=100324, stack(0x000000321cd00000,0x000000321ce00000)]
  0x0000019da6152960 JavaThread "Unconstrained build operations Thread 11" [_thread_blocked, id=90944, stack(0x000000321ce00000,0x000000321cf00000)]
  0x0000019da6153890 JavaThread "Unconstrained build operations Thread 12" [_thread_blocked, id=90960, stack(0x000000321cf00000,0x000000321d000000)]
  0x0000019da6150b00 JavaThread "Unconstrained build operations Thread 13" [_thread_blocked, id=94024, stack(0x000000321d000000,0x000000321d100000)]
  0x0000019da61542b0 JavaThread "Unconstrained build operations Thread 14" [_thread_blocked, id=83224, stack(0x000000321d100000,0x000000321d200000)]
  0x0000019da61500e0 JavaThread "Unconstrained build operations Thread 15" [_thread_blocked, id=95860, stack(0x000000321d200000,0x000000321d300000)]
  0x0000019da6153380 JavaThread "Unconstrained build operations Thread 16" [_thread_blocked, id=86528, stack(0x000000321d300000,0x000000321d400000)]
  0x0000019da6153da0 JavaThread "Unconstrained build operations Thread 17" [_thread_blocked, id=89204, stack(0x000000321d400000,0x000000321d500000)]
  0x0000019da6157040 JavaThread "Unconstrained build operations Thread 18" [_thread_blocked, id=65848, stack(0x000000321d500000,0x000000321d600000)]
  0x0000019da61547c0 JavaThread "Unconstrained build operations Thread 19" [_thread_blocked, id=96136, stack(0x000000321d600000,0x000000321d700000)]
  0x0000019da6157550 JavaThread "Unconstrained build operations Thread 20" [_thread_blocked, id=65208, stack(0x000000321d700000,0x000000321d800000)]
  0x0000019da6152450 JavaThread "Unconstrained build operations Thread 21" [_thread_blocked, id=94168, stack(0x000000321d800000,0x000000321d900000)]
  0x0000019da6154cd0 JavaThread "Unconstrained build operations Thread 22" [_thread_blocked, id=93100, stack(0x000000321d900000,0x000000321da00000)]
  0x0000019da61551e0 JavaThread "Unconstrained build operations Thread 23" [_thread_blocked, id=65300, stack(0x000000321da00000,0x000000321db00000)]
  0x0000019da6151010 JavaThread "Unconstrained build operations Thread 24" [_thread_blocked, id=97380, stack(0x000000321db00000,0x000000321dc00000)]
  0x0000019da61505f0 JavaThread "Unconstrained build operations Thread 25" [_thread_blocked, id=65648, stack(0x000000321dc00000,0x000000321dd00000)]
  0x0000019da61556f0 JavaThread "Unconstrained build operations Thread 26" [_thread_blocked, id=88780, stack(0x000000321dd00000,0x000000321de00000)]
  0x0000019da6155c00 JavaThread "build event listener" [_thread_blocked, id=99928, stack(0x000000321de00000,0x000000321df00000)]
  0x0000019da6151520 JavaThread "Unconstrained build operations Thread 27" [_thread_blocked, id=100084, stack(0x000000321df00000,0x000000321e000000)]
  0x0000019da6151a30 JavaThread "Unconstrained build operations Thread 28" [_thread_blocked, id=92744, stack(0x000000321e000000,0x000000321e100000)]
  0x0000019da6151f40 JavaThread "Unconstrained build operations Thread 29" [_thread_blocked, id=95192, stack(0x000000321e100000,0x000000321e200000)]
  0x0000019da6156620 JavaThread "Unconstrained build operations Thread 30" [_thread_blocked, id=92788, stack(0x000000321e200000,0x000000321e300000)]
  0x0000019da6156b30 JavaThread "Unconstrained build operations Thread 31" [_thread_blocked, id=94420, stack(0x000000321e300000,0x000000321e400000)]
  0x0000019da31f7f90 JavaThread "Unconstrained build operations Thread 32" [_thread_blocked, id=93772, stack(0x000000321e400000,0x000000321e500000)]
  0x0000019da31fa810 JavaThread "Unconstrained build operations Thread 33" [_thread_blocked, id=62332, stack(0x000000321e500000,0x000000321e600000)]
  0x0000019da31f93d0 JavaThread "Unconstrained build operations Thread 34" [_thread_blocked, id=97972, stack(0x000000321e600000,0x000000321e700000)]
  0x0000019da31fb230 JavaThread "Unconstrained build operations Thread 35" [_thread_blocked, id=98168, stack(0x000000321e700000,0x000000321e800000)]
  0x0000019da31f8ec0 JavaThread "Unconstrained build operations Thread 36" [_thread_blocked, id=98624, stack(0x000000321e800000,0x000000321e900000)]
  0x0000019da31f98e0 JavaThread "Unconstrained build operations Thread 37" [_thread_blocked, id=97532, stack(0x000000321e900000,0x000000321ea00000)]
  0x0000019da31feef0 JavaThread "Unconstrained build operations Thread 38" [_thread_blocked, id=61300, stack(0x000000321ea00000,0x000000321eb00000)]
  0x0000019da31fc160 JavaThread "Unconstrained build operations Thread 39" [_thread_blocked, id=96064, stack(0x000000321eb00000,0x000000321ec00000)]
  0x0000019da31f9df0 JavaThread "Unconstrained build operations Thread 40" [_thread_blocked, id=96988, stack(0x000000321ec00000,0x000000321ed00000)]
  0x0000019da31f84a0 JavaThread "Unconstrained build operations Thread 41" [_thread_blocked, id=87128, stack(0x000000321ed00000,0x000000321ee00000)]
  0x0000019da31fad20 JavaThread "Unconstrained build operations Thread 42" [_thread_blocked, id=94476, stack(0x000000321ee00000,0x000000321ef00000)]
  0x0000019da31fdab0 JavaThread "Unconstrained build operations Thread 43" [_thread_blocked, id=93400, stack(0x000000321f000000,0x000000321f100000)]
  0x0000019da31ff400 JavaThread "Unconstrained build operations Thread 44" [_thread_blocked, id=91800, stack(0x000000321f100000,0x000000321f200000)]
  0x0000019da31fe4d0 JavaThread "Unconstrained build operations Thread 45" [_thread_blocked, id=94736, stack(0x000000321f200000,0x000000321f300000)]
  0x0000019da31fb740 JavaThread "Unconstrained build operations Thread 46" [_thread_blocked, id=98108, stack(0x000000321f300000,0x000000321f400000)]
  0x0000019da31fc670 JavaThread "Unconstrained build operations Thread 47" [_thread_blocked, id=94272, stack(0x000000321f400000,0x000000321f500000)]
  0x0000019da31fcb80 JavaThread "Unconstrained build operations Thread 48" [_thread_blocked, id=98632, stack(0x000000321f500000,0x000000321f600000)]
  0x0000019da31fd090 JavaThread "build event listener" [_thread_blocked, id=84988, stack(0x000000321f600000,0x000000321f700000)]
  0x0000019da31fd5a0 JavaThread "Unconstrained build operations Thread 49" [_thread_blocked, id=92588, stack(0x000000321f700000,0x000000321f800000)]
  0x0000019da31fdfc0 JavaThread "Unconstrained build operations Thread 50" [_thread_blocked, id=73064, stack(0x000000321f800000,0x000000321f900000)]
  0x0000019da31fe9e0 JavaThread "Unconstrained build operations Thread 51" [_thread_blocked, id=82620, stack(0x000000321f900000,0x000000321fa00000)]
  0x0000019da31ff910 JavaThread "Unconstrained build operations Thread 52" [_thread_blocked, id=64272, stack(0x000000321fa00000,0x000000321fb00000)]
  0x0000019da6f09ff0 JavaThread "Unconstrained build operations Thread 53" [_thread_blocked, id=91808, stack(0x000000321fb00000,0x000000321fc00000)]
  0x0000019da6f09ae0 JavaThread "Unconstrained build operations Thread 54" [_thread_blocked, id=97352, stack(0x000000321fc00000,0x000000321fd00000)]
  0x0000019da6f0a500 JavaThread "Unconstrained build operations Thread 55" [_thread_blocked, id=86828, stack(0x000000321fd00000,0x000000321fe00000)]
  0x0000019da6f0aa10 JavaThread "Unconstrained build operations Thread 56" [_thread_blocked, id=97416, stack(0x000000321fe00000,0x000000321ff00000)]
  0x0000019da6f0af20 JavaThread "Unconstrained build operations Thread 57" [_thread_blocked, id=90576, stack(0x000000321ff00000,0x0000003220000000)]
  0x0000019da6f0b940 JavaThread "Unconstrained build operations Thread 58" [_thread_blocked, id=95024, stack(0x0000003220000000,0x0000003220100000)]
  0x0000019da6f0b430 JavaThread "ForkJoinPool.commonPool-worker-10" daemon [_thread_blocked, id=91744, stack(0x0000003220100000,0x0000003220200000)]
  0x0000019da6f0c360 JavaThread "ForkJoinPool.commonPool-worker-11" daemon [_thread_blocked, id=91452, stack(0x0000003220200000,0x0000003220300000)]
  0x0000019da6f0d290 JavaThread "included builds" [_thread_blocked, id=88112, stack(0x0000003220300000,0x0000003220400000)]
  0x0000019da6f0cd80 JavaThread "Execution worker" [_thread_blocked, id=92268, stack(0x0000003220400000,0x0000003220500000)]
  0x0000019da6f0c870 JavaThread "included builds Thread 2" [_thread_blocked, id=77528, stack(0x0000003220500000,0x0000003220600000)]
  0x0000019da6f0d7a0 JavaThread "Execution worker Thread 2" [_thread_blocked, id=93012, stack(0x0000003220600000,0x0000003220700000)]
  0x0000019da6f08190 JavaThread "Execution worker Thread 3" [_thread_blocked, id=99236, stack(0x0000003220700000,0x0000003220800000)]
  0x0000019da6f0dcb0 JavaThread "Execution worker Thread 4" [_thread_blocked, id=91664, stack(0x0000003220800000,0x0000003220900000)]
  0x0000019da6f0e1c0 JavaThread "Execution worker Thread 5" [_thread_blocked, id=90992, stack(0x0000003220900000,0x0000003220a00000)]
  0x0000019da6f07260 JavaThread "Cache worker for execution history cache (C:\Users\PMLS\AndroidStudioProjects\SafeMum\SafeMum\node_modules\expo-modules-autolinking\android\expo-gradle-plugin\.gradle\8.13\executionHistory)" [_thread_blocked, id=99340, stack(0x0000003220a00000,0x0000003220b00000)]
  0x0000019da6f07c80 JavaThread "Execution worker Thread 6" [_thread_blocked, id=55196, stack(0x0000003220b00000,0x0000003220c00000)]
  0x0000019da1914190 JavaThread "Cache worker for execution history cache (C:\Users\PMLS\AndroidStudioProjects\SafeMum\SafeMum\node_modules\@react-native\gradle-plugin\.gradle\8.13\executionHistory)" [_thread_blocked, id=95824, stack(0x0000003220c00000,0x0000003220d00000)]
  0x0000019da1916f20 JavaThread "Execution worker Thread 7" [_thread_blocked, id=99288, stack(0x0000003220d00000,0x0000003220e00000)]
  0x0000019da1912840 JavaThread "Execution worker Thread 8" [_thread_blocked, id=85268, stack(0x0000003220e00000,0x0000003220f00000)]
  0x0000019da1917430 JavaThread "Execution worker Thread 9" [_thread_blocked, id=94684, stack(0x0000003220f00000,0x0000003221000000)]
  0x0000019da1917e50 JavaThread "Execution worker Thread 10" [_thread_blocked, id=97680, stack(0x0000003221000000,0x0000003221100000)]
  0x0000019da19150c0 JavaThread "Execution worker Thread 11" [_thread_blocked, id=47552, stack(0x0000003221100000,0x0000003221200000)]
  0x0000019da1913770 JavaThread "Unconstrained build operations Thread 59" [_thread_blocked, id=95160, stack(0x0000003221200000,0x0000003221300000)]
  0x0000019da1913c80 JavaThread "Unconstrained build operations Thread 61" [_thread_blocked, id=93372, stack(0x0000003221300000,0x0000003221400000)]
  0x0000019da1917940 JavaThread "Unconstrained build operations Thread 60" [_thread_blocked, id=1148, stack(0x0000003221400000,0x0000003221500000)]
  0x0000019da1919290 JavaThread "Unconstrained build operations Thread 63" [_thread_blocked, id=99400, stack(0x0000003221500000,0x0000003221600000)]
  0x0000019da1913260 JavaThread "Unconstrained build operations Thread 62" [_thread_blocked, id=95416, stack(0x0000003221600000,0x0000003221700000)]
  0x0000019da1918870 JavaThread "Unconstrained build operations Thread 65" [_thread_blocked, id=99560, stack(0x0000003221700000,0x0000003221800000)]
  0x0000019da1914bb0 JavaThread "Unconstrained build operations Thread 64" [_thread_blocked, id=61620, stack(0x0000003221800000,0x0000003221900000)]
  0x0000019da1918d80 JavaThread "Unconstrained build operations Thread 66" [_thread_blocked, id=96040, stack(0x0000003221900000,0x0000003221a00000)]
  0x0000019da19155d0 JavaThread "Unconstrained build operations Thread 67" [_thread_blocked, id=52816, stack(0x0000003221a00000,0x0000003221b00000)]
  0x0000019da1915ae0 JavaThread "Unconstrained build operations Thread 68" [_thread_blocked, id=96900, stack(0x0000003221b00000,0x0000003221c00000)]
  0x0000019da587cd90 JavaThread "Unconstrained build operations Thread 69" [_thread_blocked, id=95476, stack(0x0000003221c00000,0x0000003221d00000)]
  0x0000019da5880a50 JavaThread "Unconstrained build operations Thread 70" [_thread_blocked, id=91000, stack(0x0000003221d00000,0x0000003221e00000)]
  0x0000019da587e1d0 JavaThread "Unconstrained build operations Thread 71" [_thread_blocked, id=86436, stack(0x0000003221e00000,0x0000003221f00000)]
  0x0000019da587a000 JavaThread "Unconstrained build operations Thread 72" [_thread_blocked, id=99072, stack(0x0000003222500000,0x0000003222600000)]
  0x0000019da5881980 JavaThread "Unconstrained build operations Thread 73" [_thread_blocked, id=83808, stack(0x0000003222700000,0x0000003222800000)]
  0x0000019da587a510 JavaThread "Unconstrained build operations Thread 74" [_thread_blocked, id=98916, stack(0x0000003222800000,0x0000003222900000)]
  0x0000019da587f610 JavaThread "Unconstrained build operations Thread 75" [_thread_blocked, id=90240, stack(0x0000003222900000,0x0000003222a00000)]
  0x0000019da587d7b0 JavaThread "Unconstrained build operations Thread 76" [_thread_blocked, id=73156, stack(0x0000003222a00000,0x0000003222b00000)]
  0x0000019da587aa20 JavaThread "Unconstrained build operations Thread 77" [_thread_blocked, id=66944, stack(0x0000003222b00000,0x0000003222c00000)]
  0x0000019da587c880 JavaThread "Unconstrained build operations Thread 78" [_thread_blocked, id=97028, stack(0x0000003222c00000,0x0000003222d00000)]
  0x0000019da587af30 JavaThread "Unconstrained build operations Thread 79" [_thread_blocked, id=90236, stack(0x0000003222d00000,0x0000003222e00000)]
  0x0000019da587dcc0 JavaThread "Unconstrained build operations Thread 80" [_thread_blocked, id=99412, stack(0x0000003222e00000,0x0000003222f00000)]
  0x0000019da587d2a0 JavaThread "Unconstrained build operations Thread 81" [_thread_blocked, id=91956, stack(0x0000003222f00000,0x0000003223000000)]
  0x0000019da587b440 JavaThread "Unconstrained build operations Thread 82" [_thread_blocked, id=93784, stack(0x0000003223000000,0x0000003223100000)]
  0x0000019da587fb20 JavaThread "Unconstrained build operations Thread 83" [_thread_blocked, id=98924, stack(0x0000003223100000,0x0000003223200000)]
  0x0000019da587b950 JavaThread "Unconstrained build operations Thread 84" [_thread_blocked, id=66880, stack(0x0000003223200000,0x0000003223300000)]
  0x0000019da13acfd0 JavaThread "Unconstrained build operations Thread 85" [_thread_blocked, id=97452, stack(0x0000003223300000,0x0000003223400000)]
  0x0000019da13ad4e0 JavaThread "Unconstrained build operations Thread 86" [_thread_blocked, id=89440, stack(0x0000003223400000,0x0000003223500000)]
  0x0000019da13adf00 JavaThread "Unconstrained build operations Thread 87" [_thread_blocked, id=96128, stack(0x0000003223500000,0x0000003223600000)]
  0x0000019da13af340 JavaThread "Unconstrained build operations Thread 88" [_thread_blocked, id=96580, stack(0x0000003223600000,0x0000003223700000)]
  0x0000019da13af850 JavaThread "Unconstrained build operations Thread 89" [_thread_blocked, id=97172, stack(0x0000003223700000,0x0000003223800000)]
  0x0000019da13ad9f0 JavaThread "Unconstrained build operations Thread 90" [_thread_blocked, id=97804, stack(0x0000003223800000,0x0000003223900000)]
  0x0000019da13ac0a0 JavaThread "Unconstrained build operations Thread 91" [_thread_blocked, id=93464, stack(0x0000003223900000,0x0000003223a00000)]
  0x0000019da13ae410 JavaThread "Unconstrained build operations Thread 92" [_thread_blocked, id=95184, stack(0x0000003223a00000,0x0000003223b00000)]
  0x0000019da6dbc2c0 JavaThread "Unconstrained build operations Thread 93" [_thread_blocked, id=96016, stack(0x0000003223b00000,0x0000003223c00000)]
  0x0000019da6dbd700 JavaThread "Unconstrained build operations Thread 94" [_thread_blocked, id=97260, stack(0x0000003223c00000,0x0000003223d00000)]
  0x0000019da6dbff80 JavaThread "Unconstrained build operations Thread 95" [_thread_blocked, id=97300, stack(0x0000003223d00000,0x0000003223e00000)]
  0x0000019da6dbeb40 JavaThread "Unconstrained build operations Thread 96" [_thread_blocked, id=94724, stack(0x0000003223e00000,0x0000003223f00000)]
  0x0000019da6dc18d0 JavaThread "Unconstrained build operations Thread 97" [_thread_blocked, id=64060, stack(0x0000003223f00000,0x0000003224000000)]
  0x0000019da6dbcce0 JavaThread "Unconstrained build operations Thread 98" [_thread_blocked, id=95872, stack(0x0000003224000000,0x0000003224100000)]
  0x0000019daca125b0 JavaThread "Unconstrained build operations Thread 99" [_thread_blocked, id=96184, stack(0x0000003224100000,0x0000003224200000)]
  0x0000019daca171a0 JavaThread "Unconstrained build operations Thread 100" [_thread_blocked, id=96444, stack(0x0000003224200000,0x0000003224300000)]
  0x0000019daca134e0 JavaThread "Unconstrained build operations Thread 101" [_thread_blocked, id=94448, stack(0x0000003224300000,0x0000003224400000)]
  0x0000019daca14e30 JavaThread "Unconstrained build operations Thread 102" [_thread_blocked, id=97964, stack(0x0000003224400000,0x0000003224500000)]
  0x0000019daca18af0 JavaThread "Unconstrained build operations Thread 103" [_thread_blocked, id=92716, stack(0x0000003224500000,0x0000003224600000)]
  0x0000019daca16780 JavaThread "Unconstrained build operations Thread 104" [_thread_blocked, id=90572, stack(0x0000003224600000,0x0000003224700000)]
  0x0000019daca12ac0 JavaThread "Unconstrained build operations Thread 105" [_thread_blocked, id=100124, stack(0x0000003224700000,0x0000003224800000)]
  0x0000019daca15340 JavaThread "Unconstrained build operations Thread 106" [_thread_blocked, id=73036, stack(0x0000003224800000,0x0000003224900000)]
  0x0000019daca13f00 JavaThread "Unconstrained build operations Thread 107" [_thread_blocked, id=82160, stack(0x0000003224900000,0x0000003224a00000)]
  0x0000019daca185e0 JavaThread "Unconstrained build operations Thread 108" [_thread_blocked, id=72840, stack(0x0000003224a00000,0x0000003224b00000)]
  0x0000019daca139f0 JavaThread "Unconstrained build operations Thread 109" [_thread_blocked, id=98264, stack(0x0000003224b00000,0x0000003224c00000)]
  0x0000019daca12fd0 JavaThread "Unconstrained build operations Thread 110" [_thread_blocked, id=94676, stack(0x0000003224c00000,0x0000003224d00000)]
  0x0000019daca19a20 JavaThread "Unconstrained build operations Thread 111" [_thread_blocked, id=99756, stack(0x0000003224d00000,0x0000003224e00000)]
  0x0000019daca17bc0 JavaThread "Unconstrained build operations Thread 112" [_thread_blocked, id=93508, stack(0x0000003224e00000,0x0000003224f00000)]
  0x0000019daca14410 JavaThread "Unconstrained build operations Thread 113" [_thread_blocked, id=92248, stack(0x0000003224f00000,0x0000003225000000)]
  0x0000019daca19000 JavaThread "Unconstrained build operations Thread 114" [_thread_blocked, id=95676, stack(0x0000003225000000,0x0000003225100000)]
  0x0000019daca19f30 JavaThread "Cache worker for Build Output Cleanup Cache (C:\Users\PMLS\AndroidStudioProjects\SafeMum\SafeMum\node_modules\expo-modules-core\expo-module-gradle-plugin\.gradle\buildOutputCleanup)" [_thread_blocked, id=87336, stack(0x000000321c600000,0x000000321c700000)]
  0x0000019daca1a440 JavaThread "Cache worker for Build Output Cleanup Cache (C:\Users\PMLS\AndroidStudioProjects\SafeMum\SafeMum\node_modules\expo-updates\expo-updates-gradle-plugin\.gradle\buildOutputCleanup)" [_thread_blocked, id=93168, stack(0x000000321c700000,0x000000321c800000)]
  0x0000019daca1b880 JavaThread "Unconstrained build operations Thread 115" [_thread_blocked, id=91372, stack(0x0000003225300000,0x0000003225400000)]
  0x0000019daca19510 JavaThread "Unconstrained build operations Thread 116" [_thread_blocked, id=97940, stack(0x0000003225400000,0x0000003225500000)]
  0x0000019daca1a950 JavaThread "Unconstrained build operations Thread 117" [_thread_blocked, id=98864, stack(0x0000003225500000,0x0000003225600000)]
  0x0000019daca15850 JavaThread "Unconstrained build operations Thread 118" [_thread_blocked, id=98704, stack(0x0000003225600000,0x0000003225700000)]
  0x0000019daca16c90 JavaThread "Unconstrained build operations Thread 119" [_thread_blocked, id=97608, stack(0x0000003225700000,0x0000003225800000)]
  0x0000019daca15d60 JavaThread "Unconstrained build operations Thread 120" [_thread_blocked, id=99636, stack(0x0000003225800000,0x0000003225900000)]
  0x0000019daca1ae60 JavaThread "build event listener" [_thread_blocked, id=52216, stack(0x0000003225900000,0x0000003225a00000)]
  0x0000019daca176b0 JavaThread "included builds Thread 3" [_thread_blocked, id=63708, stack(0x0000003225b00000,0x0000003225c00000)]
  0x0000019daca1bd90 JavaThread "included builds Thread 4" [_thread_blocked, id=73688, stack(0x0000003225c00000,0x0000003225d00000)]
  0x0000019daca14920 JavaThread "Cache worker for execution history cache (C:\Users\PMLS\AndroidStudioProjects\SafeMum\SafeMum\node_modules\expo-modules-core\expo-module-gradle-plugin\.gradle\8.13\executionHistory)" [_thread_blocked, id=89484, stack(0x0000003225d00000,0x0000003225e00000)]
  0x0000019daca1b370 JavaThread "Cache worker for execution history cache (C:\Users\PMLS\AndroidStudioProjects\SafeMum\SafeMum\node_modules\expo-updates\expo-updates-gradle-plugin\.gradle\8.13\executionHistory)" [_thread_blocked, id=96104, stack(0x0000003225f00000,0x0000003226000000)]
  0x0000019daca1c7b0 JavaThread "Problems report writer" [_thread_blocked, id=95408, stack(0x0000003226000000,0x0000003226100000)]
  0x0000019daca1d6e0 JavaThread "build event listener" [_thread_blocked, id=92484, stack(0x0000003226100000,0x0000003226200000)]
  0x0000019daca21dc0 JavaThread "Cache worker for execution history cache (C:\Users\PMLS\AndroidStudioProjects\SafeMum\SafeMum\android\.gradle\8.13\executionHistory)" [_thread_blocked, id=98232, stack(0x0000003226200000,0x0000003226300000)]
  0x0000019daca1e100 JavaThread "WorkerExecutor Queue" [_thread_blocked, id=97324, stack(0x0000003226400000,0x0000003226500000)]
  0x0000019daca1f030 JavaThread "WorkerExecutor Queue Thread 2" [_thread_blocked, id=92228, stack(0x0000003225100000,0x0000003225200000)]
  0x0000019daca1fa50 JavaThread "WorkerExecutor Queue Thread 3" [_thread_blocked, id=96132, stack(0x0000003225200000,0x0000003225300000)]
  0x0000019daca1ff60 JavaThread "WorkerExecutor Queue Thread 4" [_thread_blocked, id=98388, stack(0x0000003226e00000,0x0000003226f00000)]
  0x0000019daca20470 JavaThread "WorkerExecutor Queue Thread 5" [_thread_blocked, id=96200, stack(0x0000003226f00000,0x0000003227000000)]
  0x0000019daca20980 JavaThread "WorkerExecutor Queue Thread 6" [_thread_blocked, id=96208, stack(0x0000003227000000,0x0000003227100000)]
  0x0000019daca20e90 JavaThread "WorkerExecutor Queue Thread 7" [_thread_blocked, id=98012, stack(0x0000003227100000,0x0000003227200000)]
  0x0000019daca213a0 JavaThread "WorkerExecutor Queue Thread 8" [_thread_blocked, id=97916, stack(0x0000003227300000,0x0000003227400000)]
  0x0000019dad93dcd0 JavaThread "WorkerExecutor Queue Thread 9" [_thread_blocked, id=92260, stack(0x0000003227400000,0x0000003227500000)]
  0x0000019dad940a60 JavaThread "WorkerExecutor Queue Thread 10" [_thread_blocked, id=67364, stack(0x0000003227500000,0x0000003227600000)]
  0x0000019dad93ec00 JavaThread "WorkerExecutor Queue Thread 11" [_thread_blocked, id=98620, stack(0x0000003227600000,0x0000003227700000)]
  0x0000019da6dbd1f0 JavaThread "WorkerExecutor Queue Thread 12" [_thread_blocked, id=90472, stack(0x0000003226700000,0x0000003226800000)]
=>0x0000019da2d93480 JavaThread "C2 CompilerThread1" daemon [_thread_in_native, id=95692, stack(0x0000003227200000,0x0000003227300000)]

Other Threads:
  0x0000019d801d7860 VMThread "VM Thread" [stack: 0x0000003219100000,0x0000003219200000] [id=95092]
  0x0000019ddce63d80 WatcherThread [stack: 0x0000003219e00000,0x0000003219f00000] [id=99460]
  0x0000019ddcecfc30 GCTaskThread "GC Thread#0" [stack: 0x0000003218c00000,0x0000003218d00000] [id=92344]
  0x0000019d807b3eb0 GCTaskThread "GC Thread#1" [stack: 0x000000321a000000,0x000000321a100000] [id=93260]
  0x0000019d808846a0 GCTaskThread "GC Thread#2" [stack: 0x000000321a100000,0x000000321a200000] [id=94364]
  0x0000019d806ced20 GCTaskThread "GC Thread#3" [stack: 0x000000321a200000,0x000000321a300000] [id=99224]
  0x0000019d80b5bed0 GCTaskThread "GC Thread#4" [stack: 0x000000321a300000,0x000000321a400000] [id=99252]
  0x0000019d80b5c190 GCTaskThread "GC Thread#5" [stack: 0x000000321a400000,0x000000321a500000] [id=95680]
  0x0000019da1693800 GCTaskThread "GC Thread#6" [stack: 0x000000321b400000,0x000000321b500000] [id=74912]
  0x0000019da1693540 GCTaskThread "GC Thread#7" [stack: 0x000000321b500000,0x000000321b600000] [id=95780]
  0x0000019da1692780 GCTaskThread "GC Thread#8" [stack: 0x000000321b600000,0x000000321b700000] [id=95772]
  0x0000019da1692d00 GCTaskThread "GC Thread#9" [stack: 0x000000321b700000,0x000000321b800000] [id=68064]
  0x0000019ddae1df80 ConcurrentGCThread "G1 Main Marker" [stack: 0x0000003218d00000,0x0000003218e00000] [id=99316]
  0x0000019ddae1e740 ConcurrentGCThread "G1 Conc#0" [stack: 0x0000003218e00000,0x0000003218f00000] [id=90552]
  0x0000019da1692fc0 ConcurrentGCThread "G1 Conc#1" [stack: 0x000000321b800000,0x000000321b900000] [id=98568]
  0x0000019da1692a40 ConcurrentGCThread "G1 Conc#2" [stack: 0x000000321b900000,0x000000321ba00000] [id=93172]
  0x0000019d8008e170 ConcurrentGCThread "G1 Refine#0" [stack: 0x0000003218f00000,0x0000003219000000] [id=99024]
  0x0000019da19cc330 ConcurrentGCThread "G1 Refine#1" [stack: 0x000000321bc00000,0x000000321bd00000] [id=87000]
  0x0000019d8008fc60 ConcurrentGCThread "G1 Service" [stack: 0x0000003219000000,0x0000003219100000] [id=87244]

Threads with active compile tasks:
C2 CompilerThread0   162917 24600       4       org.gradle.internal.execution.ExecutionEngine$Execution$1::getOutput (11 bytes)
C2 CompilerThread1   162917 24626   !   4       java.nio.file.FileTreeWalker::next (144 bytes)

VM state: at safepoint (normal execution)

VM Mutex/Monitor currently owned by a thread:  ([mutex/lock_event])
[0x0000019ddce5def0] Threads_lock - owner thread: 0x0000019d801d7860
[0x0000019ddce5df80] Heap_lock - owner thread: 0x0000019daca1a950

Heap address: 0x0000000700000000, size: 4096 MB, Compressed Oops mode: Zero based, Oop shift amount: 3

CDS archive(s) mapped at: [0x0000019d81000000-0x0000019d81bd0000-0x0000019d81bd0000), size 12386304, SharedBaseAddress: 0x0000019d81000000, ArchiveRelocationMode: 1.
Compressed class space mapped at: 0x0000019d82000000-0x0000019d9c000000, reserved size: 436207616
Narrow klass base: 0x0000019d81000000, Narrow klass shift: 0, Narrow klass range: 0x100000000

GC Precious Log:
 CPUs: 12 total, 12 available
 Memory: 16108M
 Large Page Support: Disabled
 NUMA Support: Disabled
 Compressed Oops: Enabled (Zero based)
 Heap Region Size: 2M
 Heap Min Capacity: 8M
 Heap Initial Capacity: 252M
 Heap Max Capacity: 4G
 Pre-touch: Disabled
 Parallel Workers: 10
 Concurrent Workers: 3
 Concurrent Refinement Workers: 10
 Periodic GC: Disabled

Heap:
 garbage-first heap   total 610304K, used 477971K [0x0000000700000000, 0x0000000800000000)
  region size 2048K, 3 young (6144K), 3 survivors (6144K)
 Metaspace       used 139427K, committed 142144K, reserved 557056K
  class space    used 19330K, committed 20544K, reserved 425984K

Heap Regions: E=young(eden), S=young(survivor), O=old, HS=humongous(starts), HC=humongous(continues), CS=collection set, F=free, OA=open archive, CA=closed archive, TAMS=top-at-mark-start (previous, next)
|   0|0x0000000700000000, 0x0000000700200000, 0x0000000700200000|100%|HS|  |TAMS 0x0000000700200000, 0x0000000700000000| Complete 
|   1|0x0000000700200000, 0x0000000700400000, 0x0000000700400000|100%|HC|  |TAMS 0x0000000700400000, 0x0000000700200000| Complete 
|   2|0x0000000700400000, 0x0000000700600000, 0x0000000700600000|100%| O|  |TAMS 0x0000000700600000, 0x0000000700400000| Untracked 
|   3|0x0000000700600000, 0x0000000700800000, 0x0000000700800000|100%| O|  |TAMS 0x0000000700800000, 0x0000000700600000| Untracked 
|   4|0x0000000700800000, 0x0000000700a00000, 0x0000000700a00000|100%| O|  |TAMS 0x0000000700a00000, 0x0000000700800000| Untracked 
|   5|0x0000000700a00000, 0x0000000700c00000, 0x0000000700c00000|100%| O|  |TAMS 0x0000000700c00000, 0x0000000700a00000| Untracked 
|   6|0x0000000700c00000, 0x0000000700e00000, 0x0000000700e00000|100%| O|  |TAMS 0x0000000700e00000, 0x0000000700c00000| Untracked 
|   7|0x0000000700e00000, 0x0000000701000000, 0x0000000701000000|100%| O|  |TAMS 0x0000000701000000, 0x0000000700e00000| Untracked 
|   8|0x0000000701000000, 0x0000000701200000, 0x0000000701200000|100%| O|  |TAMS 0x0000000701200000, 0x0000000701000000| Untracked 
|   9|0x0000000701200000, 0x0000000701400000, 0x0000000701400000|100%| O|  |TAMS 0x0000000701400000, 0x0000000701200000| Untracked 
|  10|0x0000000701400000, 0x0000000701600000, 0x0000000701600000|100%| O|  |TAMS 0x0000000701600000, 0x0000000701400000| Untracked 
|  11|0x0000000701600000, 0x0000000701800000, 0x0000000701800000|100%| O|  |TAMS 0x0000000701800000, 0x0000000701600000| Untracked 
|  12|0x0000000701800000, 0x0000000701a00000, 0x0000000701a00000|100%| O|  |TAMS 0x0000000701a00000, 0x0000000701800000| Untracked 
|  13|0x0000000701a00000, 0x0000000701c00000, 0x0000000701c00000|100%| O|  |TAMS 0x0000000701c00000, 0x0000000701a00000| Untracked 
|  14|0x0000000701c00000, 0x0000000701e00000, 0x0000000701e00000|100%| O|  |TAMS 0x0000000701e00000, 0x0000000701c00000| Untracked 
|  15|0x0000000701e00000, 0x0000000702000000, 0x0000000702000000|100%| O|  |TAMS 0x0000000702000000, 0x0000000701e00000| Untracked 
|  16|0x0000000702000000, 0x0000000702200000, 0x0000000702200000|100%| O|  |TAMS 0x0000000702200000, 0x0000000702000000| Untracked 
|  17|0x0000000702200000, 0x0000000702400000, 0x0000000702400000|100%|HS|  |TAMS 0x0000000702400000, 0x0000000702200000| Complete 
|  18|0x0000000702400000, 0x0000000702600000, 0x0000000702600000|100%| O|  |TAMS 0x0000000702600000, 0x0000000702400000| Untracked 
|  19|0x0000000702600000, 0x0000000702800000, 0x0000000702800000|100%|HS|  |TAMS 0x0000000702800000, 0x0000000702600000| Complete 
|  20|0x0000000702800000, 0x0000000702a00000, 0x0000000702a00000|100%|HS|  |TAMS 0x0000000702a00000, 0x0000000702800000| Complete 
|  21|0x0000000702a00000, 0x0000000702c00000, 0x0000000702c00000|100%|HC|  |TAMS 0x0000000702c00000, 0x0000000702a00000| Complete 
|  22|0x0000000702c00000, 0x0000000702e00000, 0x0000000702e00000|100%|HS|  |TAMS 0x0000000702e00000, 0x0000000702c00000| Complete 
|  23|0x0000000702e00000, 0x0000000703000000, 0x0000000703000000|100%| O|  |TAMS 0x0000000703000000, 0x0000000702e00000| Untracked 
|  24|0x0000000703000000, 0x0000000703200000, 0x0000000703200000|100%| O|  |TAMS 0x0000000703000000, 0x0000000703000000| Untracked 
|  25|0x0000000703200000, 0x0000000703400000, 0x0000000703400000|100%|HS|  |TAMS 0x0000000703400000, 0x0000000703200000| Complete 
|  26|0x0000000703400000, 0x0000000703600000, 0x0000000703600000|100%|HC|  |TAMS 0x0000000703600000, 0x0000000703400000| Complete 
|  27|0x0000000703600000, 0x0000000703800000, 0x0000000703800000|100%| O|  |TAMS 0x0000000703800000, 0x0000000703600000| Untracked 
|  28|0x0000000703800000, 0x0000000703a00000, 0x0000000703a00000|100%| O|  |TAMS 0x0000000703a00000, 0x0000000703800000| Untracked 
|  29|0x0000000703a00000, 0x0000000703c00000, 0x0000000703c00000|100%| O|  |TAMS 0x0000000703c00000, 0x0000000703a00000| Untracked 
|  30|0x0000000703c00000, 0x0000000703e00000, 0x0000000703e00000|100%| O|  |TAMS 0x0000000703e00000, 0x0000000703c00000| Untracked 
|  31|0x0000000703e00000, 0x0000000704000000, 0x0000000704000000|100%| O|  |TAMS 0x0000000704000000, 0x0000000703e00000| Untracked 
|  32|0x0000000704000000, 0x0000000704200000, 0x0000000704200000|100%| O|  |TAMS 0x0000000704200000, 0x0000000704000000| Untracked 
|  33|0x0000000704200000, 0x0000000704400000, 0x0000000704400000|100%|HS|  |TAMS 0x0000000704400000, 0x0000000704200000| Complete 
|  34|0x0000000704400000, 0x0000000704600000, 0x0000000704600000|100%|HS|  |TAMS 0x0000000704600000, 0x0000000704400000| Complete 
|  35|0x0000000704600000, 0x0000000704800000, 0x0000000704800000|100%|HC|  |TAMS 0x0000000704800000, 0x0000000704600000| Complete 
|  36|0x0000000704800000, 0x0000000704a00000, 0x0000000704a00000|100%|HS|  |TAMS 0x0000000704a00000, 0x0000000704800000| Complete 
|  37|0x0000000704a00000, 0x0000000704c00000, 0x0000000704c00000|100%|HC|  |TAMS 0x0000000704c00000, 0x0000000704a00000| Complete 
|  38|0x0000000704c00000, 0x0000000704e00000, 0x0000000704e00000|100%| O|  |TAMS 0x0000000704e00000, 0x0000000704c00000| Untracked 
|  39|0x0000000704e00000, 0x0000000705000000, 0x0000000705000000|100%| O|  |TAMS 0x0000000705000000, 0x0000000704e00000| Untracked 
|  40|0x0000000705000000, 0x0000000705200000, 0x0000000705200000|100%| O|  |TAMS 0x0000000705200000, 0x0000000705000000| Untracked 
|  41|0x0000000705200000, 0x0000000705400000, 0x0000000705400000|100%| O|  |TAMS 0x0000000705400000, 0x0000000705200000| Untracked 
|  42|0x0000000705400000, 0x0000000705600000, 0x0000000705600000|100%| O|  |TAMS 0x0000000705600000, 0x0000000705400000| Untracked 
|  43|0x0000000705600000, 0x0000000705800000, 0x0000000705800000|100%| O|  |TAMS 0x0000000705800000, 0x0000000705600000| Untracked 
|  44|0x0000000705800000, 0x0000000705a00000, 0x0000000705a00000|100%| O|  |TAMS 0x0000000705a00000, 0x0000000705800000| Untracked 
|  45|0x0000000705a00000, 0x0000000705c00000, 0x0000000705c00000|100%| O|  |TAMS 0x0000000705c00000, 0x0000000705a00000| Untracked 
|  46|0x0000000705c00000, 0x0000000705e00000, 0x0000000705e00000|100%| O|  |TAMS 0x0000000705e00000, 0x0000000705c00000| Untracked 
|  47|0x0000000705e00000, 0x0000000706000000, 0x0000000706000000|100%| O|  |TAMS 0x0000000706000000, 0x0000000705e00000| Untracked 
|  48|0x0000000706000000, 0x0000000706200000, 0x0000000706200000|100%| O|  |TAMS 0x0000000706200000, 0x0000000706000000| Untracked 
|  49|0x0000000706200000, 0x0000000706400000, 0x0000000706400000|100%| O|  |TAMS 0x0000000706400000, 0x0000000706200000| Untracked 
|  50|0x0000000706400000, 0x0000000706600000, 0x0000000706600000|100%| O|  |TAMS 0x0000000706600000, 0x0000000706400000| Untracked 
|  51|0x0000000706600000, 0x0000000706800000, 0x0000000706800000|100%| O|  |TAMS 0x0000000706800000, 0x0000000706600000| Untracked 
|  52|0x0000000706800000, 0x0000000706a00000, 0x0000000706a00000|100%| O|  |TAMS 0x0000000706a00000, 0x0000000706800000| Untracked 
|  53|0x0000000706a00000, 0x0000000706c00000, 0x0000000706c00000|100%| O|  |TAMS 0x0000000706c00000, 0x0000000706a00000| Untracked 
|  54|0x0000000706c00000, 0x0000000706e00000, 0x0000000706e00000|100%| O|  |TAMS 0x0000000706e00000, 0x0000000706c00000| Untracked 
|  55|0x0000000706e00000, 0x0000000707000000, 0x0000000707000000|100%| O|  |TAMS 0x0000000707000000, 0x0000000706e00000| Untracked 
|  56|0x0000000707000000, 0x0000000707200000, 0x0000000707200000|100%| O|  |TAMS 0x0000000707200000, 0x0000000707000000| Untracked 
|  57|0x0000000707200000, 0x0000000707400000, 0x0000000707400000|100%| O|  |TAMS 0x0000000707200000, 0x0000000707200000| Untracked 
|  58|0x0000000707400000, 0x0000000707600000, 0x0000000707600000|100%| O|  |TAMS 0x0000000707600000, 0x0000000707400000| Untracked 
|  59|0x0000000707600000, 0x0000000707800000, 0x0000000707800000|100%| O|  |TAMS 0x0000000707800000, 0x0000000707600000| Untracked 
|  60|0x0000000707800000, 0x0000000707a00000, 0x0000000707a00000|100%| O|  |TAMS 0x0000000707a00000, 0x0000000707800000| Untracked 
|  61|0x0000000707a00000, 0x0000000707c00000, 0x0000000707c00000|100%| O|  |TAMS 0x0000000707c00000, 0x0000000707a00000| Untracked 
|  62|0x0000000707c00000, 0x0000000707e00000, 0x0000000707e00000|100%| O|  |TAMS 0x0000000707e00000, 0x0000000707c00000| Untracked 
|  63|0x0000000707e00000, 0x0000000708000000, 0x0000000708000000|100%| O|  |TAMS 0x0000000708000000, 0x0000000707e00000| Untracked 
|  64|0x0000000708000000, 0x0000000708200000, 0x0000000708200000|100%|HS|  |TAMS 0x0000000708200000, 0x0000000708000000| Complete 
|  65|0x0000000708200000, 0x0000000708400000, 0x0000000708400000|100%| O|  |TAMS 0x0000000708400000, 0x0000000708200000| Untracked 
|  66|0x0000000708400000, 0x0000000708600000, 0x0000000708600000|100%| O|  |TAMS 0x0000000708600000, 0x0000000708400000| Untracked 
|  67|0x0000000708600000, 0x0000000708800000, 0x0000000708800000|100%| O|  |TAMS 0x0000000708800000, 0x0000000708600000| Untracked 
|  68|0x0000000708800000, 0x0000000708a00000, 0x0000000708a00000|100%| O|  |TAMS 0x0000000708a00000, 0x0000000708800000| Untracked 
|  69|0x0000000708a00000, 0x0000000708c00000, 0x0000000708c00000|100%| O|  |TAMS 0x0000000708c00000, 0x0000000708a00000| Untracked 
|  70|0x0000000708c00000, 0x0000000708e00000, 0x0000000708e00000|100%| O|  |TAMS 0x0000000708dace00, 0x0000000708c00000| Untracked 
|  71|0x0000000708e00000, 0x0000000709000000, 0x0000000709000000|100%| O|  |TAMS 0x0000000708e00000, 0x0000000708e00000| Untracked 
|  72|0x0000000709000000, 0x0000000709200000, 0x0000000709200000|100%| O|  |TAMS 0x0000000709000000, 0x0000000709000000| Untracked 
|  73|0x0000000709200000, 0x0000000709400000, 0x0000000709400000|100%| O|  |TAMS 0x0000000709200000, 0x0000000709200000| Untracked 
|  74|0x0000000709400000, 0x0000000709600000, 0x0000000709600000|100%| O|  |TAMS 0x0000000709400000, 0x0000000709400000| Untracked 
|  75|0x0000000709600000, 0x0000000709800000, 0x0000000709800000|100%| O|  |TAMS 0x0000000709600000, 0x0000000709600000| Untracked 
|  76|0x0000000709800000, 0x0000000709a00000, 0x0000000709a00000|100%| O|  |TAMS 0x0000000709800000, 0x0000000709800000| Untracked 
|  77|0x0000000709a00000, 0x0000000709c00000, 0x0000000709c00000|100%| O|  |TAMS 0x0000000709a00000, 0x0000000709a00000| Untracked 
|  78|0x0000000709c00000, 0x0000000709e00000, 0x0000000709e00000|100%| O|  |TAMS 0x0000000709c00000, 0x0000000709c00000| Untracked 
|  79|0x0000000709e00000, 0x000000070a000000, 0x000000070a000000|100%| O|  |TAMS 0x0000000709e00000, 0x0000000709e00000| Untracked 
|  80|0x000000070a000000, 0x000000070a200000, 0x000000070a200000|100%| O|  |TAMS 0x000000070a000000, 0x000000070a000000| Untracked 
|  81|0x000000070a200000, 0x000000070a400000, 0x000000070a400000|100%| O|  |TAMS 0x000000070a200000, 0x000000070a200000| Untracked 
|  82|0x000000070a400000, 0x000000070a600000, 0x000000070a600000|100%| O|  |TAMS 0x000000070a400000, 0x000000070a400000| Untracked 
|  83|0x000000070a600000, 0x000000070a800000, 0x000000070a800000|100%| O|  |TAMS 0x000000070a600000, 0x000000070a600000| Untracked 
|  84|0x000000070a800000, 0x000000070aa00000, 0x000000070aa00000|100%| O|  |TAMS 0x000000070a800000, 0x000000070a800000| Untracked 
|  85|0x000000070aa00000, 0x000000070ac00000, 0x000000070ac00000|100%| O|  |TAMS 0x000000070aa00000, 0x000000070aa00000| Untracked 
|  86|0x000000070ac00000, 0x000000070ae00000, 0x000000070ae00000|100%| O|  |TAMS 0x000000070ac00000, 0x000000070ac00000| Untracked 
|  87|0x000000070ae00000, 0x000000070b000000, 0x000000070b000000|100%| O|  |TAMS 0x000000070ae00000, 0x000000070ae00000| Untracked 
|  88|0x000000070b000000, 0x000000070b200000, 0x000000070b200000|100%| O|  |TAMS 0x000000070b000000, 0x000000070b000000| Untracked 
|  89|0x000000070b200000, 0x000000070b400000, 0x000000070b400000|100%| O|  |TAMS 0x000000070b200000, 0x000000070b200000| Untracked 
|  90|0x000000070b400000, 0x000000070b600000, 0x000000070b600000|100%| O|  |TAMS 0x000000070b400000, 0x000000070b400000| Untracked 
|  91|0x000000070b600000, 0x000000070b800000, 0x000000070b800000|100%| O|  |TAMS 0x000000070b600000, 0x000000070b600000| Untracked 
|  92|0x000000070b800000, 0x000000070ba00000, 0x000000070ba00000|100%| O|  |TAMS 0x000000070b800000, 0x000000070b800000| Untracked 
|  93|0x000000070ba00000, 0x000000070bc00000, 0x000000070bc00000|100%| O|  |TAMS 0x000000070ba00000, 0x000000070ba00000| Untracked 
|  94|0x000000070bc00000, 0x000000070be00000, 0x000000070be00000|100%| O|  |TAMS 0x000000070bc00000, 0x000000070bc00000| Untracked 
|  95|0x000000070be00000, 0x000000070c000000, 0x000000070c000000|100%| O|  |TAMS 0x000000070be00000, 0x000000070be00000| Untracked 
|  96|0x000000070c000000, 0x000000070c200000, 0x000000070c200000|100%|HS|  |TAMS 0x000000070c000000, 0x000000070c000000| Complete 
|  97|0x000000070c200000, 0x000000070c400000, 0x000000070c400000|100%| O|  |TAMS 0x000000070c200000, 0x000000070c200000| Untracked 
|  98|0x000000070c400000, 0x000000070c600000, 0x000000070c600000|100%| O|  |TAMS 0x000000070c400000, 0x000000070c400000| Untracked 
|  99|0x000000070c600000, 0x000000070c800000, 0x000000070c800000|100%| O|  |TAMS 0x000000070c600000, 0x000000070c600000| Untracked 
| 100|0x000000070c800000, 0x000000070ca00000, 0x000000070ca00000|100%| O|  |TAMS 0x000000070c800000, 0x000000070c800000| Untracked 
| 101|0x000000070ca00000, 0x000000070cc00000, 0x000000070cc00000|100%| O|  |TAMS 0x000000070ca00000, 0x000000070ca00000| Untracked 
| 102|0x000000070cc00000, 0x000000070ce00000, 0x000000070ce00000|100%| O|  |TAMS 0x000000070cc00000, 0x000000070cc00000| Untracked 
| 103|0x000000070ce00000, 0x000000070d000000, 0x000000070d000000|100%| O|  |TAMS 0x000000070ce00000, 0x000000070ce00000| Untracked 
| 104|0x000000070d000000, 0x000000070d200000, 0x000000070d200000|100%| O|  |TAMS 0x000000070d000000, 0x000000070d000000| Untracked 
| 105|0x000000070d200000, 0x000000070d400000, 0x000000070d400000|100%| O|  |TAMS 0x000000070d200000, 0x000000070d200000| Untracked 
| 106|0x000000070d400000, 0x000000070d600000, 0x000000070d600000|100%| O|  |TAMS 0x000000070d400000, 0x000000070d400000| Untracked 
| 107|0x000000070d600000, 0x000000070d800000, 0x000000070d800000|100%| O|  |TAMS 0x000000070d600000, 0x000000070d600000| Untracked 
| 108|0x000000070d800000, 0x000000070da00000, 0x000000070da00000|100%| O|  |TAMS 0x000000070d800000, 0x000000070d800000| Untracked 
| 109|0x000000070da00000, 0x000000070dc00000, 0x000000070dc00000|100%| O|  |TAMS 0x000000070da00000, 0x000000070da00000| Untracked 
| 110|0x000000070dc00000, 0x000000070de00000, 0x000000070de00000|100%| O|  |TAMS 0x000000070dc00000, 0x000000070dc00000| Untracked 
| 111|0x000000070de00000, 0x000000070e000000, 0x000000070e000000|100%| O|  |TAMS 0x000000070de00000, 0x000000070de00000| Untracked 
| 112|0x000000070e000000, 0x000000070e200000, 0x000000070e200000|100%| O|  |TAMS 0x000000070e000000, 0x000000070e000000| Untracked 
| 113|0x000000070e200000, 0x000000070e400000, 0x000000070e400000|100%| O|  |TAMS 0x000000070e200000, 0x000000070e200000| Untracked 
| 114|0x000000070e400000, 0x000000070e600000, 0x000000070e600000|100%| O|  |TAMS 0x000000070e400000, 0x000000070e400000| Untracked 
| 115|0x000000070e600000, 0x000000070e800000, 0x000000070e800000|100%| O|  |TAMS 0x000000070e600000, 0x000000070e600000| Untracked 
| 116|0x000000070e800000, 0x000000070ea00000, 0x000000070ea00000|100%| O|  |TAMS 0x000000070e800000, 0x000000070e800000| Untracked 
| 117|0x000000070ea00000, 0x000000070ec00000, 0x000000070ec00000|100%| O|  |TAMS 0x000000070ea00000, 0x000000070ea00000| Untracked 
| 118|0x000000070ec00000, 0x000000070ee00000, 0x000000070ee00000|100%| O|  |TAMS 0x000000070ec00000, 0x000000070ec00000| Untracked 
| 119|0x000000070ee00000, 0x000000070f000000, 0x000000070f000000|100%| O|  |TAMS 0x000000070ee00000, 0x000000070ee00000| Untracked 
| 120|0x000000070f000000, 0x000000070f200000, 0x000000070f200000|100%| O|  |TAMS 0x000000070f000000, 0x000000070f000000| Untracked 
| 121|0x000000070f200000, 0x000000070f400000, 0x000000070f400000|100%| O|  |TAMS 0x000000070f200000, 0x000000070f200000| Untracked 
| 122|0x000000070f400000, 0x000000070f600000, 0x000000070f600000|100%| O|  |TAMS 0x000000070f400000, 0x000000070f400000| Untracked 
| 123|0x000000070f600000, 0x000000070f800000, 0x000000070f800000|100%| O|  |TAMS 0x000000070f600000, 0x000000070f600000| Untracked 
| 124|0x000000070f800000, 0x000000070fa00000, 0x000000070fa00000|100%| O|  |TAMS 0x000000070f800000, 0x000000070f800000| Untracked 
| 125|0x000000070fa00000, 0x000000070fc00000, 0x000000070fc00000|100%| O|  |TAMS 0x000000070fa00000, 0x000000070fa00000| Untracked 
| 126|0x000000070fc00000, 0x000000070fe00000, 0x000000070fe00000|100%| O|  |TAMS 0x000000070fc00000, 0x000000070fc00000| Untracked 
| 127|0x000000070fe00000, 0x0000000710000000, 0x0000000710000000|100%| O|  |TAMS 0x000000070fe00000, 0x000000070fe00000| Untracked 
| 128|0x0000000710000000, 0x0000000710200000, 0x0000000710200000|100%| O|  |TAMS 0x0000000710000000, 0x0000000710000000| Untracked 
| 129|0x0000000710200000, 0x0000000710400000, 0x0000000710400000|100%| O|  |TAMS 0x0000000710200000, 0x0000000710200000| Untracked 
| 130|0x0000000710400000, 0x0000000710600000, 0x0000000710600000|100%| O|  |TAMS 0x0000000710400000, 0x0000000710400000| Untracked 
| 131|0x0000000710600000, 0x0000000710800000, 0x0000000710800000|100%| O|  |TAMS 0x0000000710600000, 0x0000000710600000| Untracked 
| 132|0x0000000710800000, 0x0000000710a00000, 0x0000000710a00000|100%| O|  |TAMS 0x0000000710800000, 0x0000000710800000| Untracked 
| 133|0x0000000710a00000, 0x0000000710c00000, 0x0000000710c00000|100%| O|  |TAMS 0x0000000710a00000, 0x0000000710a00000| Untracked 
| 134|0x0000000710c00000, 0x0000000710e00000, 0x0000000710e00000|100%| O|  |TAMS 0x0000000710c00000, 0x0000000710c00000| Untracked 
| 135|0x0000000710e00000, 0x0000000711000000, 0x0000000711000000|100%| O|  |TAMS 0x0000000710e00000, 0x0000000710e00000| Untracked 
| 136|0x0000000711000000, 0x0000000711200000, 0x0000000711200000|100%| O|  |TAMS 0x0000000711000000, 0x0000000711000000| Untracked 
| 137|0x0000000711200000, 0x0000000711400000, 0x0000000711400000|100%| O|  |TAMS 0x0000000711200000, 0x0000000711200000| Untracked 
| 138|0x0000000711400000, 0x0000000711600000, 0x0000000711600000|100%| O|  |TAMS 0x0000000711400000, 0x0000000711400000| Untracked 
| 139|0x0000000711600000, 0x0000000711800000, 0x0000000711800000|100%| O|  |TAMS 0x0000000711600000, 0x0000000711600000| Untracked 
| 140|0x0000000711800000, 0x0000000711a00000, 0x0000000711a00000|100%| O|  |TAMS 0x0000000711800000, 0x0000000711800000| Untracked 
| 141|0x0000000711a00000, 0x0000000711c00000, 0x0000000711c00000|100%| O|  |TAMS 0x0000000711a00000, 0x0000000711a00000| Untracked 
| 142|0x0000000711c00000, 0x0000000711e00000, 0x0000000711e00000|100%| O|  |TAMS 0x0000000711c00000, 0x0000000711c00000| Untracked 
| 143|0x0000000711e00000, 0x0000000712000000, 0x0000000712000000|100%| O|  |TAMS 0x0000000711e00000, 0x0000000711e00000| Untracked 
| 144|0x0000000712000000, 0x0000000712200000, 0x0000000712200000|100%| O|  |TAMS 0x0000000712000000, 0x0000000712000000| Untracked 
| 145|0x0000000712200000, 0x0000000712400000, 0x0000000712400000|100%| O|  |TAMS 0x0000000712200000, 0x0000000712200000| Untracked 
| 146|0x0000000712400000, 0x0000000712600000, 0x0000000712600000|100%| O|  |TAMS 0x0000000712400000, 0x0000000712400000| Untracked 
| 147|0x0000000712600000, 0x0000000712800000, 0x0000000712800000|100%| O|  |TAMS 0x0000000712600000, 0x0000000712600000| Untracked 
| 148|0x0000000712800000, 0x0000000712a00000, 0x0000000712a00000|100%| O|  |TAMS 0x0000000712800000, 0x0000000712800000| Untracked 
| 149|0x0000000712a00000, 0x0000000712c00000, 0x0000000712c00000|100%| O|  |TAMS 0x0000000712a00000, 0x0000000712a00000| Untracked 
| 150|0x0000000712c00000, 0x0000000712e00000, 0x0000000712e00000|100%| O|  |TAMS 0x0000000712c00000, 0x0000000712c00000| Untracked 
| 151|0x0000000712e00000, 0x0000000713000000, 0x0000000713000000|100%| O|  |TAMS 0x0000000712e00000, 0x0000000712e00000| Untracked 
| 152|0x0000000713000000, 0x0000000713200000, 0x0000000713200000|100%| O|  |TAMS 0x0000000713000000, 0x0000000713000000| Untracked 
| 153|0x0000000713200000, 0x0000000713400000, 0x0000000713400000|100%| O|  |TAMS 0x0000000713200000, 0x0000000713200000| Untracked 
| 154|0x0000000713400000, 0x0000000713600000, 0x0000000713600000|100%| O|  |TAMS 0x0000000713400000, 0x0000000713400000| Untracked 
| 155|0x0000000713600000, 0x0000000713800000, 0x0000000713800000|100%| O|  |TAMS 0x0000000713600000, 0x0000000713600000| Untracked 
| 156|0x0000000713800000, 0x0000000713a00000, 0x0000000713a00000|100%| O|  |TAMS 0x0000000713800000, 0x0000000713800000| Untracked 
| 157|0x0000000713a00000, 0x0000000713c00000, 0x0000000713c00000|100%| O|  |TAMS 0x0000000713a00000, 0x0000000713a00000| Untracked 
| 158|0x0000000713c00000, 0x0000000713e00000, 0x0000000713e00000|100%| O|  |TAMS 0x0000000713c00000, 0x0000000713c00000| Untracked 
| 159|0x0000000713e00000, 0x0000000714000000, 0x0000000714000000|100%| O|  |TAMS 0x0000000713e00000, 0x0000000713e00000| Untracked 
| 160|0x0000000714000000, 0x0000000714200000, 0x0000000714200000|100%| O|  |TAMS 0x0000000714000000, 0x0000000714000000| Untracked 
| 161|0x0000000714200000, 0x0000000714400000, 0x0000000714400000|100%| O|  |TAMS 0x0000000714200000, 0x0000000714200000| Untracked 
| 162|0x0000000714400000, 0x0000000714600000, 0x0000000714600000|100%| O|  |TAMS 0x0000000714400000, 0x0000000714400000| Untracked 
| 163|0x0000000714600000, 0x0000000714800000, 0x0000000714800000|100%| O|  |TAMS 0x0000000714600000, 0x0000000714600000| Untracked 
| 164|0x0000000714800000, 0x0000000714a00000, 0x0000000714a00000|100%| O|  |TAMS 0x0000000714800000, 0x0000000714800000| Untracked 
| 165|0x0000000714a00000, 0x0000000714c00000, 0x0000000714c00000|100%| O|  |TAMS 0x0000000714a00000, 0x0000000714a00000| Untracked 
| 166|0x0000000714c00000, 0x0000000714e00000, 0x0000000714e00000|100%| O|  |TAMS 0x0000000714c00000, 0x0000000714c00000| Untracked 
| 167|0x0000000714e00000, 0x0000000715000000, 0x0000000715000000|100%| O|  |TAMS 0x0000000714e00000, 0x0000000714e00000| Untracked 
| 168|0x0000000715000000, 0x0000000715200000, 0x0000000715200000|100%| O|  |TAMS 0x0000000715000000, 0x0000000715000000| Untracked 
| 169|0x0000000715200000, 0x0000000715400000, 0x0000000715400000|100%| O|  |TAMS 0x0000000715200000, 0x0000000715200000| Untracked 
| 170|0x0000000715400000, 0x0000000715600000, 0x0000000715600000|100%| O|  |TAMS 0x0000000715400000, 0x0000000715400000| Untracked 
| 171|0x0000000715600000, 0x0000000715800000, 0x0000000715800000|100%| O|  |TAMS 0x0000000715600000, 0x0000000715600000| Untracked 
| 172|0x0000000715800000, 0x0000000715a00000, 0x0000000715a00000|100%| O|  |TAMS 0x0000000715800000, 0x0000000715800000| Untracked 
| 173|0x0000000715a00000, 0x0000000715c00000, 0x0000000715c00000|100%| O|  |TAMS 0x0000000715a00000, 0x0000000715a00000| Untracked 
| 174|0x0000000715c00000, 0x0000000715e00000, 0x0000000715e00000|100%| O|  |TAMS 0x0000000715c00000, 0x0000000715c00000| Untracked 
| 175|0x0000000715e00000, 0x0000000716000000, 0x0000000716000000|100%| O|  |TAMS 0x0000000715e00000, 0x0000000715e00000| Untracked 
| 176|0x0000000716000000, 0x0000000716200000, 0x0000000716200000|100%| O|  |TAMS 0x0000000716000000, 0x0000000716000000| Untracked 
| 177|0x0000000716200000, 0x0000000716400000, 0x0000000716400000|100%| O|  |TAMS 0x0000000716200000, 0x0000000716200000| Untracked 
| 178|0x0000000716400000, 0x0000000716600000, 0x0000000716600000|100%| O|  |TAMS 0x0000000716400000, 0x0000000716400000| Untracked 
| 179|0x0000000716600000, 0x0000000716800000, 0x0000000716800000|100%| O|  |TAMS 0x0000000716600000, 0x0000000716600000| Untracked 
| 180|0x0000000716800000, 0x0000000716a00000, 0x0000000716a00000|100%| O|  |TAMS 0x0000000716800000, 0x0000000716800000| Untracked 
| 181|0x0000000716a00000, 0x0000000716c00000, 0x0000000716c00000|100%| O|  |TAMS 0x0000000716a00000, 0x0000000716a00000| Untracked 
| 182|0x0000000716c00000, 0x0000000716e00000, 0x0000000716e00000|100%| O|  |TAMS 0x0000000716c00000, 0x0000000716c00000| Untracked 
| 183|0x0000000716e00000, 0x0000000717000000, 0x0000000717000000|100%| O|  |TAMS 0x0000000716e00000, 0x0000000716e00000| Untracked 
| 184|0x0000000717000000, 0x0000000717200000, 0x0000000717200000|100%| O|  |TAMS 0x0000000717000000, 0x0000000717000000| Untracked 
| 185|0x0000000717200000, 0x0000000717400000, 0x0000000717400000|100%| O|  |TAMS 0x0000000717200000, 0x0000000717200000| Untracked 
| 186|0x0000000717400000, 0x0000000717600000, 0x0000000717600000|100%| O|  |TAMS 0x0000000717400000, 0x0000000717400000| Untracked 
| 187|0x0000000717600000, 0x0000000717800000, 0x0000000717800000|100%| O|  |TAMS 0x0000000717600000, 0x0000000717600000| Untracked 
| 188|0x0000000717800000, 0x0000000717a00000, 0x0000000717a00000|100%| O|  |TAMS 0x0000000717800000, 0x0000000717800000| Untracked 
| 189|0x0000000717a00000, 0x0000000717c00000, 0x0000000717c00000|100%| O|  |TAMS 0x0000000717a00000, 0x0000000717a00000| Untracked 
| 190|0x0000000717c00000, 0x0000000717e00000, 0x0000000717e00000|100%| O|  |TAMS 0x0000000717c00000, 0x0000000717c00000| Untracked 
| 191|0x0000000717e00000, 0x0000000718000000, 0x0000000718000000|100%| O|  |TAMS 0x0000000717e00000, 0x0000000717e00000| Untracked 
| 192|0x0000000718000000, 0x0000000718200000, 0x0000000718200000|100%| O|  |TAMS 0x0000000718000000, 0x0000000718000000| Untracked 
| 193|0x0000000718200000, 0x0000000718400000, 0x0000000718400000|100%| O|  |TAMS 0x0000000718200000, 0x0000000718200000| Untracked 
| 194|0x0000000718400000, 0x0000000718600000, 0x0000000718600000|100%| O|  |TAMS 0x0000000718400000, 0x0000000718400000| Untracked 
| 195|0x0000000718600000, 0x0000000718800000, 0x0000000718800000|100%| O|  |TAMS 0x0000000718600000, 0x0000000718600000| Untracked 
| 196|0x0000000718800000, 0x0000000718a00000, 0x0000000718a00000|100%| O|  |TAMS 0x0000000718800000, 0x0000000718800000| Untracked 
| 197|0x0000000718a00000, 0x0000000718c00000, 0x0000000718c00000|100%| O|  |TAMS 0x0000000718a00000, 0x0000000718a00000| Untracked 
| 198|0x0000000718c00000, 0x0000000718e00000, 0x0000000718e00000|100%| O|  |TAMS 0x0000000718c00000, 0x0000000718c00000| Untracked 
| 199|0x0000000718e00000, 0x0000000719000000, 0x0000000719000000|100%| O|  |TAMS 0x0000000718e00000, 0x0000000718e00000| Untracked 
| 200|0x0000000719000000, 0x0000000719200000, 0x0000000719200000|100%| O|  |TAMS 0x0000000719000000, 0x0000000719000000| Untracked 
| 201|0x0000000719200000, 0x0000000719400000, 0x0000000719400000|100%| O|  |TAMS 0x0000000719200000, 0x0000000719200000| Untracked 
| 202|0x0000000719400000, 0x0000000719600000, 0x0000000719600000|100%| O|  |TAMS 0x0000000719400000, 0x0000000719400000| Untracked 
| 203|0x0000000719600000, 0x0000000719800000, 0x0000000719800000|100%| O|  |TAMS 0x0000000719600000, 0x0000000719600000| Untracked 
| 204|0x0000000719800000, 0x0000000719a00000, 0x0000000719a00000|100%| O|  |TAMS 0x0000000719800000, 0x0000000719800000| Untracked 
| 205|0x0000000719a00000, 0x0000000719c00000, 0x0000000719c00000|100%| O|  |TAMS 0x0000000719a00000, 0x0000000719a00000| Untracked 
| 206|0x0000000719c00000, 0x0000000719e00000, 0x0000000719e00000|100%| O|  |TAMS 0x0000000719c00000, 0x0000000719c00000| Untracked 
| 207|0x0000000719e00000, 0x000000071a000000, 0x000000071a000000|100%| O|  |TAMS 0x0000000719e00000, 0x0000000719e00000| Untracked 
| 208|0x000000071a000000, 0x000000071a200000, 0x000000071a200000|100%| O|  |TAMS 0x000000071a000000, 0x000000071a000000| Untracked 
| 209|0x000000071a200000, 0x000000071a400000, 0x000000071a400000|100%| O|  |TAMS 0x000000071a200000, 0x000000071a200000| Untracked 
| 210|0x000000071a400000, 0x000000071a600000, 0x000000071a600000|100%| O|  |TAMS 0x000000071a400000, 0x000000071a400000| Untracked 
| 211|0x000000071a600000, 0x000000071a800000, 0x000000071a800000|100%| O|  |TAMS 0x000000071a600000, 0x000000071a600000| Untracked 
| 212|0x000000071a800000, 0x000000071aa00000, 0x000000071aa00000|100%| O|  |TAMS 0x000000071a800000, 0x000000071a800000| Untracked 
| 213|0x000000071aa00000, 0x000000071ac00000, 0x000000071ac00000|100%| O|  |TAMS 0x000000071aa00000, 0x000000071aa00000| Untracked 
| 214|0x000000071ac00000, 0x000000071ae00000, 0x000000071ae00000|100%| O|  |TAMS 0x000000071ac00000, 0x000000071ac00000| Untracked 
| 215|0x000000071ae00000, 0x000000071b000000, 0x000000071b000000|100%| O|  |TAMS 0x000000071ae00000, 0x000000071ae00000| Untracked 
| 216|0x000000071b000000, 0x000000071b200000, 0x000000071b200000|100%| O|  |TAMS 0x000000071b000000, 0x000000071b000000| Untracked 
| 217|0x000000071b200000, 0x000000071b400000, 0x000000071b400000|100%| O|  |TAMS 0x000000071b200000, 0x000000071b200000| Untracked 
| 218|0x000000071b400000, 0x000000071b600000, 0x000000071b600000|100%| O|  |TAMS 0x000000071b400000, 0x000000071b400000| Untracked 
| 219|0x000000071b600000, 0x000000071b800000, 0x000000071b800000|100%| O|  |TAMS 0x000000071b600000, 0x000000071b600000| Untracked 
| 220|0x000000071b800000, 0x000000071ba00000, 0x000000071ba00000|100%| O|  |TAMS 0x000000071b800000, 0x000000071b800000| Untracked 
| 221|0x000000071ba00000, 0x000000071bc00000, 0x000000071bc00000|100%| O|  |TAMS 0x000000071ba00000, 0x000000071ba00000| Untracked 
| 222|0x000000071bc00000, 0x000000071be00000, 0x000000071be00000|100%| O|  |TAMS 0x000000071bc00000, 0x000000071bc00000| Untracked 
| 223|0x000000071be00000, 0x000000071c000000, 0x000000071c000000|100%| O|  |TAMS 0x000000071be00000, 0x000000071be00000| Untracked 
| 224|0x000000071c000000, 0x000000071c200000, 0x000000071c200000|100%| O|  |TAMS 0x000000071c000000, 0x000000071c000000| Untracked 
| 225|0x000000071c200000, 0x000000071c400000, 0x000000071c400000|100%| O|  |TAMS 0x000000071c200000, 0x000000071c200000| Untracked 
| 226|0x000000071c400000, 0x000000071c600000, 0x000000071c600000|100%| O|  |TAMS 0x000000071c400000, 0x000000071c400000| Untracked 
| 227|0x000000071c600000, 0x000000071c800000, 0x000000071c800000|100%| O|  |TAMS 0x000000071c600000, 0x000000071c600000| Untracked 
| 228|0x000000071c800000, 0x000000071ca00000, 0x000000071ca00000|100%| O|  |TAMS 0x000000071c800000, 0x000000071c800000| Untracked 
| 229|0x000000071ca00000, 0x000000071cc00000, 0x000000071cc00000|100%| O|  |TAMS 0x000000071ca00000, 0x000000071ca00000| Untracked 
| 230|0x000000071cc00000, 0x000000071cd6e000, 0x000000071ce00000| 71%| O|  |TAMS 0x000000071cc00000, 0x000000071cc00000| Untracked 
| 231|0x000000071ce00000, 0x000000071ce00000, 0x000000071d000000|  0%| F|  |TAMS 0x000000071ce00000, 0x000000071ce00000| Untracked 
| 232|0x000000071d000000, 0x000000071d000000, 0x000000071d200000|  0%| F|  |TAMS 0x000000071d000000, 0x000000071d000000| Untracked 
| 233|0x000000071d200000, 0x000000071d200000, 0x000000071d400000|  0%| F|  |TAMS 0x000000071d200000, 0x000000071d200000| Untracked 
| 234|0x000000071d400000, 0x000000071d400000, 0x000000071d600000|  0%| F|  |TAMS 0x000000071d400000, 0x000000071d400000| Untracked 
| 235|0x000000071d600000, 0x000000071d600000, 0x000000071d800000|  0%| F|  |TAMS 0x000000071d600000, 0x000000071d600000| Untracked 
| 236|0x000000071d800000, 0x000000071d800000, 0x000000071da00000|  0%| F|  |TAMS 0x000000071d800000, 0x000000071d800000| Untracked 
| 237|0x000000071da00000, 0x000000071da00000, 0x000000071dc00000|  0%| F|  |TAMS 0x000000071da00000, 0x000000071da00000| Untracked 
| 238|0x000000071dc00000, 0x000000071dc00000, 0x000000071de00000|  0%| F|  |TAMS 0x000000071dc00000, 0x000000071dc00000| Untracked 
| 239|0x000000071de00000, 0x000000071de00000, 0x000000071e000000|  0%| F|  |TAMS 0x000000071de00000, 0x000000071de00000| Untracked 
| 240|0x000000071e000000, 0x000000071e000000, 0x000000071e200000|  0%| F|  |TAMS 0x000000071e000000, 0x000000071e000000| Untracked 
| 241|0x000000071e200000, 0x000000071e200000, 0x000000071e400000|  0%| F|  |TAMS 0x000000071e200000, 0x000000071e200000| Untracked 
| 242|0x000000071e400000, 0x000000071e400000, 0x000000071e600000|  0%| F|  |TAMS 0x000000071e400000, 0x000000071e400000| Untracked 
| 243|0x000000071e600000, 0x000000071e600000, 0x000000071e800000|  0%| F|  |TAMS 0x000000071e600000, 0x000000071e600000| Untracked 
| 244|0x000000071e800000, 0x000000071e800000, 0x000000071ea00000|  0%| F|  |TAMS 0x000000071e800000, 0x000000071e800000| Untracked 
| 245|0x000000071ea00000, 0x000000071ea00000, 0x000000071ec00000|  0%| F|  |TAMS 0x000000071ea00000, 0x000000071ea00000| Untracked 
| 246|0x000000071ec00000, 0x000000071ec00000, 0x000000071ee00000|  0%| F|  |TAMS 0x000000071ec00000, 0x000000071ec00000| Untracked 
| 247|0x000000071ee00000, 0x000000071ee00000, 0x000000071f000000|  0%| F|  |TAMS 0x000000071ee00000, 0x000000071ee00000| Untracked 
| 248|0x000000071f000000, 0x000000071f000000, 0x000000071f200000|  0%| F|  |TAMS 0x000000071f000000, 0x000000071f000000| Untracked 
| 249|0x000000071f200000, 0x000000071f200000, 0x000000071f400000|  0%| F|  |TAMS 0x000000071f200000, 0x000000071f200000| Untracked 
| 250|0x000000071f400000, 0x000000071f400000, 0x000000071f600000|  0%| F|  |TAMS 0x000000071f400000, 0x000000071f400000| Untracked 
| 251|0x000000071f600000, 0x000000071f600000, 0x000000071f800000|  0%| F|  |TAMS 0x000000071f600000, 0x000000071f600000| Untracked 
| 252|0x000000071f800000, 0x000000071f800000, 0x000000071fa00000|  0%| F|  |TAMS 0x000000071f800000, 0x000000071f800000| Untracked 
| 253|0x000000071fa00000, 0x000000071fa00000, 0x000000071fc00000|  0%| F|  |TAMS 0x000000071fa00000, 0x000000071fa00000| Untracked 
| 254|0x000000071fc00000, 0x000000071fc00000, 0x000000071fe00000|  0%| F|  |TAMS 0x000000071fc00000, 0x000000071fc00000| Untracked 
| 255|0x000000071fe00000, 0x000000071fe00000, 0x0000000720000000|  0%| F|  |TAMS 0x000000071fe00000, 0x000000071fe00000| Untracked 
| 256|0x0000000720000000, 0x0000000720000000, 0x0000000720200000|  0%| F|  |TAMS 0x0000000720000000, 0x0000000720000000| Untracked 
| 257|0x0000000720200000, 0x0000000720200000, 0x0000000720400000|  0%| F|  |TAMS 0x0000000720200000, 0x0000000720200000| Untracked 
| 258|0x0000000720400000, 0x0000000720400000, 0x0000000720600000|  0%| F|  |TAMS 0x0000000720400000, 0x0000000720400000| Untracked 
| 259|0x0000000720600000, 0x0000000720600000, 0x0000000720800000|  0%| F|  |TAMS 0x0000000720600000, 0x0000000720600000| Untracked 
| 260|0x0000000720800000, 0x0000000720800000, 0x0000000720a00000|  0%| F|  |TAMS 0x0000000720800000, 0x0000000720800000| Untracked 
| 261|0x0000000720a00000, 0x0000000720a00000, 0x0000000720c00000|  0%| F|  |TAMS 0x0000000720a00000, 0x0000000720a00000| Untracked 
| 262|0x0000000720c00000, 0x0000000720c00000, 0x0000000720e00000|  0%| F|  |TAMS 0x0000000720c00000, 0x0000000720c00000| Untracked 
| 263|0x0000000720e00000, 0x0000000720e00000, 0x0000000721000000|  0%| F|  |TAMS 0x0000000720e00000, 0x0000000720e00000| Untracked 
| 264|0x0000000721000000, 0x0000000721000000, 0x0000000721200000|  0%| F|  |TAMS 0x0000000721000000, 0x0000000721000000| Untracked 
| 265|0x0000000721200000, 0x0000000721200000, 0x0000000721400000|  0%| F|  |TAMS 0x0000000721200000, 0x0000000721200000| Untracked 
| 266|0x0000000721400000, 0x0000000721556d20, 0x0000000721600000| 66%| S|CS|TAMS 0x0000000721400000, 0x0000000721400000| Complete 
| 267|0x0000000721600000, 0x0000000721600000, 0x0000000721800000|  0%| F|  |TAMS 0x0000000721600000, 0x0000000721600000| Untracked 
| 268|0x0000000721800000, 0x0000000721a00000, 0x0000000721a00000|100%| S|CS|TAMS 0x0000000721800000, 0x0000000721800000| Complete 
| 269|0x0000000721a00000, 0x0000000721a00000, 0x0000000721c00000|  0%| F|  |TAMS 0x0000000721a00000, 0x0000000721a00000| Untracked 
| 270|0x0000000721c00000, 0x0000000721c00000, 0x0000000721e00000|  0%| F|  |TAMS 0x0000000721c00000, 0x0000000721c00000| Untracked 
| 271|0x0000000721e00000, 0x0000000722000000, 0x0000000722000000|100%| S|CS|TAMS 0x0000000721e00000, 0x0000000721e00000| Complete 
| 272|0x0000000722000000, 0x0000000722000000, 0x0000000722200000|  0%| F|  |TAMS 0x0000000722000000, 0x0000000722000000| Untracked 
| 273|0x0000000722200000, 0x0000000722200000, 0x0000000722400000|  0%| F|  |TAMS 0x0000000722200000, 0x0000000722200000| Untracked 
| 274|0x0000000722400000, 0x0000000722400000, 0x0000000722600000|  0%| F|  |TAMS 0x0000000722400000, 0x0000000722400000| Untracked 
| 275|0x0000000722600000, 0x0000000722600000, 0x0000000722800000|  0%| F|  |TAMS 0x0000000722600000, 0x0000000722600000| Untracked 
| 276|0x0000000722800000, 0x0000000722800000, 0x0000000722a00000|  0%| F|  |TAMS 0x0000000722800000, 0x0000000722800000| Untracked 
| 277|0x0000000722a00000, 0x0000000722a00000, 0x0000000722c00000|  0%| F|  |TAMS 0x0000000722a00000, 0x0000000722a00000| Untracked 
| 278|0x0000000722c00000, 0x0000000722c00000, 0x0000000722e00000|  0%| F|  |TAMS 0x0000000722c00000, 0x0000000722c00000| Untracked 
| 279|0x0000000722e00000, 0x0000000722e00000, 0x0000000723000000|  0%| F|  |TAMS 0x0000000722e00000, 0x0000000722e00000| Untracked 
| 280|0x0000000723000000, 0x0000000723000000, 0x0000000723200000|  0%| F|  |TAMS 0x0000000723000000, 0x0000000723000000| Untracked 
| 281|0x0000000723200000, 0x0000000723200000, 0x0000000723400000|  0%| F|  |TAMS 0x0000000723200000, 0x0000000723200000| Untracked 
| 282|0x0000000723400000, 0x0000000723400000, 0x0000000723600000|  0%| F|  |TAMS 0x0000000723400000, 0x0000000723400000| Untracked 
| 283|0x0000000723600000, 0x0000000723600000, 0x0000000723800000|  0%| F|  |TAMS 0x0000000723600000, 0x0000000723600000| Untracked 
| 284|0x0000000723800000, 0x0000000723800000, 0x0000000723a00000|  0%| F|  |TAMS 0x0000000723800000, 0x0000000723800000| Untracked 
| 285|0x0000000723a00000, 0x0000000723a00000, 0x0000000723c00000|  0%| F|  |TAMS 0x0000000723a00000, 0x0000000723a00000| Untracked 
| 286|0x0000000723c00000, 0x0000000723c00000, 0x0000000723e00000|  0%| F|  |TAMS 0x0000000723c00000, 0x0000000723c00000| Untracked 
| 287|0x0000000723e00000, 0x0000000723e00000, 0x0000000724000000|  0%| F|  |TAMS 0x0000000723e00000, 0x0000000723e00000| Untracked 
| 288|0x0000000724000000, 0x0000000724000000, 0x0000000724200000|  0%| F|  |TAMS 0x0000000724000000, 0x0000000724000000| Untracked 
| 289|0x0000000724200000, 0x0000000724200000, 0x0000000724400000|  0%| F|  |TAMS 0x0000000724200000, 0x0000000724200000| Untracked 
| 290|0x0000000724400000, 0x0000000724400000, 0x0000000724600000|  0%| F|  |TAMS 0x0000000724400000, 0x0000000724400000| Untracked 
| 291|0x0000000724600000, 0x0000000724600000, 0x0000000724800000|  0%| F|  |TAMS 0x0000000724600000, 0x0000000724600000| Untracked 
| 292|0x0000000724800000, 0x0000000724800000, 0x0000000724a00000|  0%| F|  |TAMS 0x0000000724800000, 0x0000000724800000| Untracked 
| 293|0x0000000724a00000, 0x0000000724a00000, 0x0000000724c00000|  0%| F|  |TAMS 0x0000000724a00000, 0x0000000724a00000| Untracked 
| 294|0x0000000724c00000, 0x0000000724c00000, 0x0000000724e00000|  0%| F|  |TAMS 0x0000000724c00000, 0x0000000724c00000| Untracked 
| 295|0x0000000724e00000, 0x0000000724e00000, 0x0000000725000000|  0%| F|  |TAMS 0x0000000724e00000, 0x0000000724e00000| Untracked 
| 296|0x0000000725000000, 0x0000000725000000, 0x0000000725200000|  0%| F|  |TAMS 0x0000000725000000, 0x0000000725000000| Untracked 
| 297|0x0000000725200000, 0x0000000725200000, 0x0000000725400000|  0%| F|  |TAMS 0x0000000725200000, 0x0000000725200000| Untracked 

Card table byte_map: [0x0000019df4480000,0x0000019df4c80000] _byte_map_base: 0x0000019df0c80000

Marking Bits (Prev, Next): (CMBitMap*) 0x0000019ddced0040, (CMBitMap*) 0x0000019ddced0000
 Prev Bits: [0x0000019df9480000, 0x0000019dfd480000)
 Next Bits: [0x0000019df5480000, 0x0000019df9480000)

Polling page: 0x0000019ddacd0000

Metaspace:

Usage:
  Non-class:    117.28 MB used.
      Class:     18.88 MB used.
       Both:    136.16 MB used.

Virtual space:
  Non-class space:      128.00 MB reserved,     118.75 MB ( 93%) committed,  2 nodes.
      Class space:      416.00 MB reserved,      20.06 MB (  5%) committed,  1 nodes.
             Both:      544.00 MB reserved,     138.81 MB ( 26%) committed. 

Chunk freelists:
   Non-Class:  8.33 MB
       Class:  11.84 MB
        Both:  20.17 MB

MaxMetaspaceSize: 512.00 MB
CompressedClassSpaceSize: 416.00 MB
Initial GC threshold: 21.00 MB
Current GC threshold: 176.25 MB
CDS: on
MetaspaceReclaimPolicy: balanced
 - commit_granule_bytes: 65536.
 - commit_granule_words: 8192.
 - virtual_space_node_default_size: 8388608.
 - enlarge_chunks_in_place: 1.
 - new_chunks_are_fully_committed: 0.
 - uncommit_free_chunks: 1.
 - use_allocation_guard: 0.
 - handle_deallocations: 1.


Internal statistics:

num_allocs_failed_limit: 15.
num_arena_births: 3646.
num_arena_deaths: 4.
num_vsnodes_births: 3.
num_vsnodes_deaths: 0.
num_space_committed: 2220.
num_space_uncommitted: 0.
num_chunks_returned_to_freelist: 21.
num_chunks_taken_from_freelist: 10816.
num_chunk_merges: 15.
num_chunk_splits: 6522.
num_chunks_enlarged: 3486.
num_inconsistent_stats: 0.

CodeHeap 'non-profiled nmethods': size=120000Kb used=17915Kb max_used=18334Kb free=102084Kb
 bounds [0x0000019dec1f0000, 0x0000019ded3e0000, 0x0000019df3720000]
CodeHeap 'profiled nmethods': size=120000Kb used=38104Kb max_used=38706Kb free=81896Kb
 bounds [0x0000019de4720000, 0x0000019de6d00000, 0x0000019debc50000]
CodeHeap 'non-nmethods': size=5760Kb used=2525Kb max_used=2563Kb free=3234Kb
 bounds [0x0000019debc50000, 0x0000019debee0000, 0x0000019dec1f0000]
 total_blobs=20965 nmethods=19934 adapters=938
 compilation: enabled
              stopped_count=0, restarted_count=0
 full_count=0

Compilation events (20 events):
Event: 162.613 Thread 0x0000019da2d93480 nmethod 24615 0x0000019ded187090 code [0x0000019ded187280, 0x0000019ded187948]
Event: 162.613 Thread 0x0000019da2d93480 24620   !   4       sun.nio.fs.WindowsDirectoryStream$WindowsDirectoryIterator::readNextEntry (192 bytes)
Event: 162.651 Thread 0x0000019da2d93480 nmethod 24620 0x0000019dec624c10 code [0x0000019dec624e40, 0x0000019dec626648]
Event: 162.651 Thread 0x0000019da2d93480 24619  s    4       sun.nio.fs.WindowsDirectoryStream$WindowsDirectoryIterator::hasNext (35 bytes)
Event: 162.654 Thread 0x0000019da2d93480 nmethod 24619 0x0000019decdb4a90 code [0x0000019decdb4c20, 0x0000019decdb4fc8]
Event: 162.654 Thread 0x0000019da2d93480 24621   !   4       sun.nio.fs.WindowsPath::createFromNormalizedPath (65 bytes)
Event: 162.671 Thread 0x0000019da2d93480 nmethod 24621 0x0000019dec447a10 code [0x0000019dec447bc0, 0x0000019dec448668]
Event: 162.671 Thread 0x0000019da2d93480 24622   !   4       org.gradle.api.internal.changedetection.state.GradleUserHomeScopeFileTimeStampInspector::timestampCanBeUsedToDetectFileChange (94 bytes)
Event: 162.672 Thread 0x0000019da2d93480 nmethod 24622 0x0000019decdb4710 code [0x0000019decdb4880, 0x0000019decdb4958]
Event: 162.672 Thread 0x0000019da2d93480 24614       4       sun.nio.fs.WindowsFileAttributes::fromFindData (127 bytes)
Event: 162.675 Thread 0x0000019da2d93480 nmethod 24614 0x0000019dec90fb10 code [0x0000019dec90fca0, 0x0000019dec90fdf8]
Event: 162.675 Thread 0x0000019da2d93480 24617       4       sun.nio.fs.WindowsPath$WindowsPathWithAttributes::<init> (23 bytes)
Event: 162.682 Thread 0x0000019da2d93480 nmethod 24617 0x0000019ded186790 code [0x0000019ded186920, 0x0000019ded186fb8]
Event: 162.682 Thread 0x0000019da2d93480 24623       4       java.io.BufferedInputStream::fill (203 bytes)
Event: 162.690 Thread 0x0000019da2d93480 nmethod 24623 0x0000019dec447010 code [0x0000019dec4471c0, 0x0000019dec4477b8]
Event: 162.691 Thread 0x0000019da2d93480 24624  s    4       sun.nio.fs.WindowsDirectoryStream$WindowsDirectoryIterator::next (48 bytes)
Event: 162.692 Thread 0x0000019da2d93480 nmethod 24624 0x0000019dec446910 code [0x0000019dec446a80, 0x0000019dec446c98]
Event: 162.692 Thread 0x0000019da2d93480 24625       4       sun.nio.fs.WindowsDirectoryStream$WindowsDirectoryIterator::next (5 bytes)
Event: 162.694 Thread 0x0000019da2d93480 nmethod 24625 0x0000019ded246d90 code [0x0000019ded246f00, 0x0000019ded247118]
Event: 162.694 Thread 0x0000019da2d93480 24626   !   4       java.nio.file.FileTreeWalker::next (144 bytes)

GC Heap History (20 events):
Event: 151.642 GC heap after
{Heap after GC invocations=61 (full 0):
 garbage-first heap   total 507904K, used 398408K [0x0000000700000000, 0x0000000800000000)
  region size 2048K, 3 young (6144K), 3 survivors (6144K)
 Metaspace       used 131350K, committed 133760K, reserved 557056K
  class space    used 18225K, committed 19264K, reserved 425984K
}
Event: 151.926 GC heap before
{Heap before GC invocations=61 (full 0):
 garbage-first heap   total 507904K, used 435272K [0x0000000700000000, 0x0000000800000000)
  region size 2048K, 22 young (45056K), 3 survivors (6144K)
 Metaspace       used 131464K, committed 133888K, reserved 557056K
  class space    used 18235K, committed 19328K, reserved 425984K
}
Event: 151.932 GC heap after
{Heap after GC invocations=62 (full 0):
 garbage-first heap   total 610304K, used 404674K [0x0000000700000000, 0x0000000800000000)
  region size 2048K, 3 young (6144K), 3 survivors (6144K)
 Metaspace       used 131464K, committed 133888K, reserved 557056K
  class space    used 18235K, committed 19328K, reserved 425984K
}
Event: 152.673 GC heap before
{Heap before GC invocations=62 (full 0):
 garbage-first heap   total 610304K, used 507074K [0x0000000700000000, 0x0000000800000000)
  region size 2048K, 53 young (108544K), 3 survivors (6144K)
 Metaspace       used 132712K, committed 135104K, reserved 557056K
  class space    used 18411K, committed 19456K, reserved 425984K
}
Event: 152.684 GC heap after
{Heap after GC invocations=63 (full 0):
 garbage-first heap   total 610304K, used 418011K [0x0000000700000000, 0x0000000800000000)
  region size 2048K, 7 young (14336K), 7 survivors (14336K)
 Metaspace       used 132712K, committed 135104K, reserved 557056K
  class space    used 18411K, committed 19456K, reserved 425984K
}
Event: 153.679 GC heap before
{Heap before GC invocations=63 (full 0):
 garbage-first heap   total 610304K, used 508123K [0x0000000700000000, 0x0000000800000000)
  region size 2048K, 51 young (104448K), 7 survivors (14336K)
 Metaspace       used 136419K, committed 138816K, reserved 557056K
  class space    used 18897K, committed 19968K, reserved 425984K
}
Event: 153.699 GC heap after
{Heap after GC invocations=64 (full 0):
 garbage-first heap   total 610304K, used 433282K [0x0000000700000000, 0x0000000800000000)
  region size 2048K, 7 young (14336K), 7 survivors (14336K)
 Metaspace       used 136419K, committed 138816K, reserved 557056K
  class space    used 18897K, committed 19968K, reserved 425984K
}
Event: 154.401 GC heap before
{Heap before GC invocations=64 (full 0):
 garbage-first heap   total 610304K, used 511106K [0x0000000700000000, 0x0000000800000000)
  region size 2048K, 45 young (92160K), 7 survivors (14336K)
 Metaspace       used 137294K, committed 139776K, reserved 557056K
  class space    used 19009K, committed 20096K, reserved 425984K
}
Event: 154.416 GC heap after
{Heap after GC invocations=65 (full 0):
 garbage-first heap   total 610304K, used 448756K [0x0000000700000000, 0x0000000800000000)
  region size 2048K, 6 young (12288K), 6 survivors (12288K)
 Metaspace       used 137294K, committed 139776K, reserved 557056K
  class space    used 19009K, committed 20096K, reserved 425984K
}
Event: 154.817 GC heap before
{Heap before GC invocations=65 (full 0):
 garbage-first heap   total 610304K, used 514292K [0x0000000700000000, 0x0000000800000000)
  region size 2048K, 38 young (77824K), 6 survivors (12288K)
 Metaspace       used 137785K, committed 140352K, reserved 557056K
  class space    used 19084K, committed 20224K, reserved 425984K
}
Event: 154.832 GC heap after
{Heap after GC invocations=66 (full 0):
 garbage-first heap   total 610304K, used 459755K [0x0000000700000000, 0x0000000800000000)
  region size 2048K, 5 young (10240K), 5 survivors (10240K)
 Metaspace       used 137785K, committed 140352K, reserved 557056K
  class space    used 19084K, committed 20224K, reserved 425984K
}
Event: 155.299 GC heap before
{Heap before GC invocations=66 (full 0):
 garbage-first heap   total 610304K, used 519147K [0x0000000700000000, 0x0000000800000000)
  region size 2048K, 34 young (69632K), 5 survivors (10240K)
 Metaspace       used 138419K, committed 141056K, reserved 557056K
  class space    used 19190K, committed 20352K, reserved 425984K
}
Event: 155.318 GC heap after
{Heap after GC invocations=67 (full 0):
 garbage-first heap   total 610304K, used 468191K [0x0000000700000000, 0x0000000800000000)
  region size 2048K, 5 young (10240K), 5 survivors (10240K)
 Metaspace       used 138419K, committed 141056K, reserved 557056K
  class space    used 19190K, committed 20352K, reserved 425984K
}
Event: 162.441 GC heap before
{Heap before GC invocations=67 (full 0):
 garbage-first heap   total 610304K, used 519391K [0x0000000700000000, 0x0000000800000000)
  region size 2048K, 31 young (63488K), 5 survivors (10240K)
 Metaspace       used 139424K, committed 142144K, reserved 557056K
  class space    used 19330K, committed 20544K, reserved 425984K
}
Event: 162.460 GC heap after
{Heap after GC invocations=68 (full 0):
 garbage-first heap   total 610304K, used 472867K [0x0000000700000000, 0x0000000800000000)
  region size 2048K, 3 young (6144K), 3 survivors (6144K)
 Metaspace       used 139424K, committed 142144K, reserved 557056K
  class space    used 19330K, committed 20544K, reserved 425984K
}
Event: 162.569 GC heap before
{Heap before GC invocations=68 (full 0):
 garbage-first heap   total 610304K, used 522019K [0x0000000700000000, 0x0000000800000000)
  region size 2048K, 28 young (57344K), 3 survivors (6144K)
 Metaspace       used 139427K, committed 142144K, reserved 557056K
  class space    used 19330K, committed 20544K, reserved 425984K
}
Event: 162.575 GC heap after
{Heap after GC invocations=69 (full 0):
 garbage-first heap   total 610304K, used 474726K [0x0000000700000000, 0x0000000800000000)
  region size 2048K, 2 young (4096K), 2 survivors (4096K)
 Metaspace       used 139427K, committed 142144K, reserved 557056K
  class space    used 19330K, committed 20544K, reserved 425984K
}
Event: 162.718 GC heap before
{Heap before GC invocations=69 (full 0):
 garbage-first heap   total 610304K, used 525926K [0x0000000700000000, 0x0000000800000000)
  region size 2048K, 28 young (57344K), 2 survivors (4096K)
 Metaspace       used 139427K, committed 142144K, reserved 557056K
  class space    used 19330K, committed 20544K, reserved 425984K
}
Event: 162.723 GC heap after
{Heap after GC invocations=70 (full 0):
 garbage-first heap   total 610304K, used 476728K [0x0000000700000000, 0x0000000800000000)
  region size 2048K, 3 young (6144K), 3 survivors (6144K)
 Metaspace       used 139427K, committed 142144K, reserved 557056K
  class space    used 19330K, committed 20544K, reserved 425984K
}
Event: 162.882 GC heap before
{Heap before GC invocations=70 (full 0):
 garbage-first heap   total 610304K, used 527928K [0x0000000700000000, 0x0000000800000000)
  region size 2048K, 29 young (59392K), 3 survivors (6144K)
 Metaspace       used 139427K, committed 142144K, reserved 557056K
  class space    used 19330K, committed 20544K, reserved 425984K
}

Deoptimization events (20 events):
Event: 162.493 Thread 0x0000019da6dbff80 Uncommon trap: trap_request=0xffffff45 fr.pc=0x0000019decca8f98 relative=0x0000000000000198
Event: 162.493 Thread 0x0000019da6dbff80 Uncommon trap: reason=unstable_if action=reinterpret pc=0x0000019decca8f98 method=java.util.concurrent.locks.ReentrantLock$Sync.tryLock()Z @ 19 c2
Event: 162.493 Thread 0x0000019da6dbff80 DEOPT PACKING pc=0x0000019decca8f98 sp=0x0000003223dfeb10
Event: 162.493 Thread 0x0000019da6dbff80 DEOPT UNPACKING pc=0x0000019debca23a3 sp=0x0000003223dfeab8 mode 2
Event: 162.579 Thread 0x0000019daca1a950 Uncommon trap: trap_request=0xffffff45 fr.pc=0x0000019ded3d05b0 relative=0x0000000000001c10
Event: 162.579 Thread 0x0000019daca1a950 Uncommon trap: reason=unstable_if action=reinterpret pc=0x0000019ded3d05b0 method=java.util.concurrent.locks.ReentrantLock$FairSync.tryAcquire(I)Z @ 20 c2
Event: 162.579 Thread 0x0000019daca1a950 DEOPT PACKING pc=0x0000019ded3d05b0 sp=0x00000032255fd030
Event: 162.579 Thread 0x0000019daca1a950 DEOPT UNPACKING pc=0x0000019debca23a3 sp=0x00000032255fcf78 mode 2
Event: 162.622 Thread 0x0000019da6f0e1c0 Uncommon trap: trap_request=0xffffff45 fr.pc=0x0000019decd266ec relative=0x00000000000010cc
Event: 162.622 Thread 0x0000019da6f0e1c0 Uncommon trap: reason=unstable_if action=reinterpret pc=0x0000019decd266ec method=org.gradle.execution.plan.DefaultPlanExecutor$ExecutorWorker.lambda$getNextItem$1(Lorg/gradle/internal/work/WorkerLeaseRegistry$WorkerLease;Lorg/gradle/internal/MutableRefer
Event: 162.622 Thread 0x0000019da6f0e1c0 DEOPT PACKING pc=0x0000019decd266ec sp=0x00000032209fefc0
Event: 162.622 Thread 0x0000019da6f0e1c0 DEOPT UNPACKING pc=0x0000019debca23a3 sp=0x00000032209fef30 mode 2
Event: 162.622 Thread 0x0000019da6f07c80 Uncommon trap: trap_request=0xffffff45 fr.pc=0x0000019decd29270 relative=0x0000000000001050
Event: 162.622 Thread 0x0000019da6f07c80 Uncommon trap: reason=unstable_if action=reinterpret pc=0x0000019decd29270 method=org.gradle.execution.plan.DefaultPlanExecutor$ExecutorWorker.lambda$getNextItem$1(Lorg/gradle/internal/work/WorkerLeaseRegistry$WorkerLease;Lorg/gradle/internal/MutableRefer
Event: 162.622 Thread 0x0000019da6f07c80 DEOPT PACKING pc=0x0000019decd29270 sp=0x0000003220bff300
Event: 162.622 Thread 0x0000019da6f07c80 DEOPT UNPACKING pc=0x0000019debca23a3 sp=0x0000003220bff2f8 mode 2
Event: 162.879 Thread 0x0000019daca1a950 Uncommon trap: trap_request=0xffffff45 fr.pc=0x0000019ded3a19b8 relative=0x0000000000000238
Event: 162.879 Thread 0x0000019daca1a950 Uncommon trap: reason=unstable_if action=reinterpret pc=0x0000019ded3a19b8 method=java.util.concurrent.locks.ReentrantLock$FairSync.tryAcquire(I)Z @ 20 c2
Event: 162.879 Thread 0x0000019daca1a950 DEOPT PACKING pc=0x0000019ded3a19b8 sp=0x00000032255fcfb0
Event: 162.879 Thread 0x0000019daca1a950 DEOPT UNPACKING pc=0x0000019debca23a3 sp=0x00000032255fcf60 mode 2

Classes unloaded (2 events):
Event: 20.670 Thread 0x0000019d801d7860 Unloading class 0x0000019d82ac0c00 'java/lang/invoke/LambdaForm$MH+0x0000019d82ac0c00'
Event: 20.670 Thread 0x0000019d801d7860 Unloading class 0x0000019d82ac0400 'java/lang/invoke/LambdaForm$DMH+0x0000019d82ac0400'

Classes redefined (0 events):
No events

Internal exceptions (20 events):
Event: 161.721 Thread 0x0000019da6f0cd80 Exception <a 'sun/nio/fs/WindowsException'{0x0000000722e0ed90}> (0x0000000722e0ed90) 
thrown [s\open\src\hotspot\share\prims\jni.cpp, line 516]
Event: 161.721 Thread 0x0000019da6f0cd80 Exception <a 'sun/nio/fs/WindowsException'{0x0000000722e0f090}> (0x0000000722e0f090) 
thrown [s\open\src\hotspot\share\prims\jni.cpp, line 516]
Event: 162.301 Thread 0x0000019da1916f20 Exception <a 'sun/nio/fs/WindowsException'{0x0000000722c53c90}> (0x0000000722c53c90) 
thrown [s\open\src\hotspot\share\prims\jni.cpp, line 516]
Event: 162.301 Thread 0x0000019da1916f20 Exception <a 'sun/nio/fs/WindowsException'{0x0000000722c55070}> (0x0000000722c55070) 
thrown [s\open\src\hotspot\share\prims\jni.cpp, line 516]
Event: 162.302 Thread 0x0000019da1916f20 Exception <a 'sun/nio/fs/WindowsException'{0x0000000722c55100}> (0x0000000722c55100) 
thrown [s\open\src\hotspot\share\prims\jni.cpp, line 516]
Event: 162.302 Thread 0x0000019da1916f20 Exception <a 'sun/nio/fs/WindowsException'{0x0000000722c553e8}> (0x0000000722c553e8) 
thrown [s\open\src\hotspot\share\prims\jni.cpp, line 516]
Event: 162.307 Thread 0x0000019da6f0d7a0 Exception <a 'java/lang/NoSuchMethodError'{0x0000000722c9ead0}: static Lcom/android/build/api/variant/impl/ResValueKeyImpl;.<clinit>()V> (0x0000000722c9ead0) 
thrown [s\open\src\hotspot\share\prims\jni.cpp, line 1112]
Event: 162.308 Thread 0x0000019da6f0d7a0 Exception <a 'java/lang/NoSuchMethodError'{0x0000000722cb1cc0}: static Lcom/android/build/api/variant/ResValue;.<clinit>()V> (0x0000000722cb1cc0) 
thrown [s\open\src\hotspot\share\prims\jni.cpp, line 1112]
Event: 162.376 Thread 0x0000019daca12ac0 Implicit null exception at 0x0000019dec588187 to 0x0000019dec588f00
Event: 162.376 Thread 0x0000019daca185e0 Implicit null exception at 0x0000019dec588187 to 0x0000019dec588f00
Event: 162.377 Thread 0x0000019daca1a950 Implicit null exception at 0x0000019dec588187 to 0x0000019dec588f00
Event: 162.377 Thread 0x0000019da6dbd700 Implicit null exception at 0x0000019dec588187 to 0x0000019dec588f00
Event: 162.378 Thread 0x0000019da6f0d7a0 Implicit null exception at 0x0000019dec588187 to 0x0000019dec588f00
Event: 162.379 Thread 0x0000019da6dbff80 Implicit null exception at 0x0000019dec588187 to 0x0000019dec588f00
Event: 162.381 Thread 0x0000019daca15340 Implicit null exception at 0x0000019dec588187 to 0x0000019dec588f00
Event: 162.381 Thread 0x0000019daca19000 Implicit null exception at 0x0000019dec588187 to 0x0000019dec588f00
Event: 162.381 Thread 0x0000019daca19a20 Implicit null exception at 0x0000019dec588187 to 0x0000019dec588f00
Event: 162.381 Thread 0x0000019daca16780 Implicit null exception at 0x0000019dec588187 to 0x0000019dec588f00
Event: 162.381 Thread 0x0000019da6dbcce0 Implicit null exception at 0x0000019dec588187 to 0x0000019dec588f00
Event: 162.381 Thread 0x0000019daca17bc0 Implicit null exception at 0x0000019dec588187 to 0x0000019dec588f00

VM Operations (20 events):
Event: 158.347 Executing VM operation: Cleanup done
Event: 159.362 Executing VM operation: Cleanup
Event: 159.362 Executing VM operation: Cleanup done
Event: 159.363 Executing VM operation: HandshakeAllThreads
Event: 159.363 Executing VM operation: HandshakeAllThreads done
Event: 159.499 Executing VM operation: HandshakeAllThreads
Event: 159.499 Executing VM operation: HandshakeAllThreads done
Event: 160.506 Executing VM operation: Cleanup
Event: 160.507 Executing VM operation: Cleanup done
Event: 161.516 Executing VM operation: Cleanup
Event: 161.516 Executing VM operation: Cleanup done
Event: 162.371 Executing VM operation: HandshakeAllThreads
Event: 162.372 Executing VM operation: HandshakeAllThreads done
Event: 162.440 Executing VM operation: G1CollectForAllocation
Event: 162.460 Executing VM operation: G1CollectForAllocation done
Event: 162.569 Executing VM operation: G1CollectForAllocation
Event: 162.575 Executing VM operation: G1CollectForAllocation done
Event: 162.718 Executing VM operation: G1CollectForAllocation
Event: 162.723 Executing VM operation: G1CollectForAllocation done
Event: 162.881 Executing VM operation: G1CollectForAllocation

Events (20 events):
Event: 159.525 Thread 0x0000019d801f8a20 flushing nmethod 0x0000019de64ba510
Event: 159.525 Thread 0x0000019d801f8a20 flushing nmethod 0x0000019de6535590
Event: 159.525 Thread 0x0000019d801f8a20 flushing nmethod 0x0000019de6582a10
Event: 159.526 Thread 0x0000019d801f8a20 flushing nmethod 0x0000019de65f9a90
Event: 159.526 Thread 0x0000019d801f8a20 flushing nmethod 0x0000019de65fef10
Event: 159.526 Thread 0x0000019d801f8a20 flushing nmethod 0x0000019de6630310
Event: 159.526 Thread 0x0000019d801f8a20 flushing nmethod 0x0000019de6658d10
Event: 159.526 Thread 0x0000019d801f8a20 flushing nmethod 0x0000019de6662a90
Event: 159.526 Thread 0x0000019d801f8a20 flushing nmethod 0x0000019de6669790
Event: 159.526 Thread 0x0000019d801f8a20 flushing nmethod 0x0000019de673c410
Event: 159.527 Thread 0x0000019d801f8a20 flushing nmethod 0x0000019de676c890
Event: 159.527 Thread 0x0000019d801f8a20 flushing nmethod 0x0000019de6799110
Event: 159.527 Thread 0x0000019d801f8a20 flushing nmethod 0x0000019de685ad90
Event: 159.527 Thread 0x0000019d801f8a20 flushing nmethod 0x0000019de6889590
Event: 159.528 Thread 0x0000019d801f8a20 flushing nmethod 0x0000019de69d2c90
Event: 159.529 Thread 0x0000019d801f8a20 flushing nmethod 0x0000019de6aa4490
Event: 159.529 Thread 0x0000019d801f8a20 flushing nmethod 0x0000019de6b0cf10
Event: 159.542 Thread 0x0000019da2d93480 Thread added: 0x0000019da2d93480
Event: 160.018 Thread 0x0000019da2d93480 Thread exited: 0x0000019da2d93480
Event: 162.384 Thread 0x0000019da2d93480 Thread added: 0x0000019da2d93480


Dynamic libraries:
0x00007ff788b70000 - 0x00007ff788b80000 	C:\Program Files\Java\jdk-17\bin\java.exe
0x00007ffa4b690000 - 0x00007ffa4b888000 	C:\WINDOWS\SYSTEM32\ntdll.dll
0x00007ffa4b0d0000 - 0x00007ffa4b192000 	C:\WINDOWS\System32\KERNEL32.DLL
0x00007ffa49380000 - 0x00007ffa49676000 	C:\WINDOWS\System32\KERNELBASE.dll
0x00007ffa48d20000 - 0x00007ffa48e20000 	C:\WINDOWS\System32\ucrtbase.dll
0x00007ffa40b30000 - 0x00007ffa40b49000 	C:\Program Files\Java\jdk-17\bin\jli.dll
0x00007ffa4ada0000 - 0x00007ffa4ae51000 	C:\WINDOWS\System32\ADVAPI32.dll
0x00007ffa4a790000 - 0x00007ffa4a82e000 	C:\WINDOWS\System32\msvcrt.dll
0x00007ffa4a830000 - 0x00007ffa4a8cf000 	C:\WINDOWS\System32\sechost.dll
0x00007ffa4ac10000 - 0x00007ffa4ad33000 	C:\WINDOWS\System32\RPCRT4.dll
0x00007ffa3b420000 - 0x00007ffa3b43b000 	C:\Program Files\Java\jdk-17\bin\VCRUNTIME140.dll
0x00007ffa490a0000 - 0x00007ffa490c7000 	C:\WINDOWS\System32\bcrypt.dll
0x00007ffa4b1a0000 - 0x00007ffa4b33d000 	C:\WINDOWS\System32\USER32.dll
0x00007ffa49680000 - 0x00007ffa496a2000 	C:\WINDOWS\System32\win32u.dll
0x00007ffa4ae60000 - 0x00007ffa4ae8b000 	C:\WINDOWS\System32\GDI32.dll
0x00007ffa48f80000 - 0x00007ffa49099000 	C:\WINDOWS\System32\gdi32full.dll
0x00007ffa490d0000 - 0x00007ffa4916d000 	C:\WINDOWS\System32\msvcp_win.dll
0x00007ffa31db0000 - 0x00007ffa3204a000 	C:\WINDOWS\WinSxS\amd64_microsoft.windows.common-controls_6595b64144ccf1df_6.0.19041.5915_none_60b4b9d171f9c7c7\COMCTL32.dll
0x00007ffa3b4a0000 - 0x00007ffa3b4aa000 	C:\WINDOWS\SYSTEM32\VERSION.dll
0x00007ffa4b600000 - 0x00007ffa4b62f000 	C:\WINDOWS\System32\IMM32.DLL
0x00007ffa42960000 - 0x00007ffa4296c000 	C:\Program Files\Java\jdk-17\bin\vcruntime140_1.dll
0x00007ffa17320000 - 0x00007ffa173ae000 	C:\Program Files\Java\jdk-17\bin\msvcp140.dll
0x00007ff9c1660000 - 0x00007ff9c2240000 	C:\Program Files\Java\jdk-17\bin\server\jvm.dll
0x00007ffa4b340000 - 0x00007ffa4b348000 	C:\WINDOWS\System32\PSAPI.DLL
0x00007ffa39b80000 - 0x00007ffa39ba7000 	C:\WINDOWS\SYSTEM32\WINMM.dll
0x00007ffa40ae0000 - 0x00007ffa40ae9000 	C:\WINDOWS\SYSTEM32\WSOCK32.dll
0x00007ffa4aae0000 - 0x00007ffa4ab4b000 	C:\WINDOWS\System32\WS2_32.dll
0x00007ffa47540000 - 0x00007ffa47552000 	C:\WINDOWS\SYSTEM32\kernel.appcore.dll
0x00007ffa40a60000 - 0x00007ffa40a6a000 	C:\Program Files\Java\jdk-17\bin\jimage.dll
0x00007ffa46890000 - 0x00007ffa46a91000 	C:\WINDOWS\SYSTEM32\DBGHELP.DLL
0x00007ffa205f0000 - 0x00007ffa20624000 	C:\WINDOWS\SYSTEM32\dbgcore.DLL
0x00007ffa492f0000 - 0x00007ffa49372000 	C:\WINDOWS\System32\bcryptPrimitives.dll
0x00007ffa244f0000 - 0x00007ffa244fe000 	C:\Program Files\Java\jdk-17\bin\instrument.dll
0x00007ffa344d0000 - 0x00007ffa344f5000 	C:\Program Files\Java\jdk-17\bin\java.dll
0x00007ffa0f240000 - 0x00007ffa0f317000 	C:\Program Files\Java\jdk-17\bin\jsvml.dll
0x00007ffa497f0000 - 0x00007ffa49f5e000 	C:\WINDOWS\System32\SHELL32.dll
0x00007ffa46d80000 - 0x00007ffa47524000 	C:\WINDOWS\SYSTEM32\windows.storage.dll
0x00007ffa49f60000 - 0x00007ffa4a2b3000 	C:\WINDOWS\System32\combase.dll
0x00007ffa486e0000 - 0x00007ffa4870b000 	C:\WINDOWS\SYSTEM32\Wldp.dll
0x00007ffa4b480000 - 0x00007ffa4b54d000 	C:\WINDOWS\System32\OLEAUT32.dll
0x00007ffa4ab50000 - 0x00007ffa4abfd000 	C:\WINDOWS\System32\SHCORE.dll
0x00007ffa4a730000 - 0x00007ffa4a78b000 	C:\WINDOWS\System32\shlwapi.dll
0x00007ffa48c50000 - 0x00007ffa48c74000 	C:\WINDOWS\SYSTEM32\profapi.dll
0x00007ffa24530000 - 0x00007ffa24548000 	C:\Program Files\Java\jdk-17\bin\zip.dll
0x00007ffa2ae90000 - 0x00007ffa2aea9000 	C:\Program Files\Java\jdk-17\bin\net.dll
0x00007ffa433e0000 - 0x00007ffa434ea000 	C:\WINDOWS\SYSTEM32\WINHTTP.dll
0x00007ffa48440000 - 0x00007ffa484aa000 	C:\WINDOWS\system32\mswsock.dll
0x00007ffa268a0000 - 0x00007ffa268b6000 	C:\Program Files\Java\jdk-17\bin\nio.dll
0x00007ffa3e7f0000 - 0x00007ffa3e800000 	C:\Program Files\Java\jdk-17\bin\verify.dll
0x00007ffa24500000 - 0x00007ffa24527000 	C:\Users\PMLS\.gradle\native\1def1411415f61bf3af743bc5b6707747c0891f09f0c88961ee8f79bc544acac\windows-amd64\native-platform.dll
0x00007ffa172a0000 - 0x00007ffa17318000 	C:\Users\PMLS\.gradle\native\0.2.7\x86_64-windows-gnu\gradle-fileevents.dll
0x00007ffa34550000 - 0x00007ffa3455a000 	C:\Program Files\Java\jdk-17\bin\management.dll
0x00007ffa34480000 - 0x00007ffa3448b000 	C:\Program Files\Java\jdk-17\bin\management_ext.dll
0x00007ffa48120000 - 0x00007ffa4815b000 	C:\WINDOWS\SYSTEM32\IPHLPAPI.DLL
0x00007ffa4a8d0000 - 0x00007ffa4a8d8000 	C:\WINDOWS\System32\NSI.dll
0x00007ffa3f9f0000 - 0x00007ffa3fa07000 	C:\WINDOWS\SYSTEM32\dhcpcsvc6.DLL
0x00007ffa3fe00000 - 0x00007ffa3fe1d000 	C:\WINDOWS\SYSTEM32\dhcpcsvc.DLL
0x00007ffa48160000 - 0x00007ffa4822a000 	C:\WINDOWS\SYSTEM32\DNSAPI.dll
0x00007ffa48640000 - 0x00007ffa48658000 	C:\WINDOWS\SYSTEM32\CRYPTSP.dll
0x00007ffa47d00000 - 0x00007ffa47d38000 	C:\WINDOWS\system32\rsaenh.dll
0x00007ffa48c10000 - 0x00007ffa48c3e000 	C:\WINDOWS\SYSTEM32\USERENV.dll
0x00007ffa48630000 - 0x00007ffa4863c000 	C:\WINDOWS\SYSTEM32\CRYPTBASE.dll
0x00007ffa244e0000 - 0x00007ffa244ee000 	C:\Program Files\Java\jdk-17\bin\sunmscapi.dll
0x00007ffa48e20000 - 0x00007ffa48f7d000 	C:\WINDOWS\System32\CRYPT32.dll
0x00007ffa48770000 - 0x00007ffa48797000 	C:\WINDOWS\SYSTEM32\ncrypt.dll
0x00007ffa48710000 - 0x00007ffa4874b000 	C:\WINDOWS\SYSTEM32\NTASN1.dll
0x00007ffa161b0000 - 0x00007ffa161b7000 	C:\WINDOWS\system32\wshunix.dll
0x00007ffa40af0000 - 0x00007ffa40b07000 	C:\WINDOWS\system32\napinsp.dll
0x00007ffa40760000 - 0x00007ffa4077b000 	C:\WINDOWS\system32\pnrpnsp.dll
0x00007ffa433c0000 - 0x00007ffa433dd000 	C:\WINDOWS\system32\NLAapi.dll
0x00007ffa3f9a0000 - 0x00007ffa3f9b2000 	C:\WINDOWS\System32\winrnr.dll
0x00007ffa18de0000 - 0x00007ffa18dfd000 	C:\WINDOWS\system32\wshbth.dll
0x00007ffa3f9e0000 - 0x00007ffa3f9ea000 	C:\Windows\System32\rasadhlp.dll
0x00007ffa3ecb0000 - 0x00007ffa3ed30000 	C:\WINDOWS\System32\fwpuclnt.dll

dbghelp: loaded successfully - version: 4.0.5 - missing functions: none
symbol engine: initialized successfully - sym options: 0x614 - pdb path: .;C:\Program Files\Java\jdk-17\bin;C:\WINDOWS\SYSTEM32;C:\WINDOWS\WinSxS\amd64_microsoft.windows.common-controls_6595b64144ccf1df_6.0.19041.5915_none_60b4b9d171f9c7c7;C:\Program Files\Java\jdk-17\bin\server;C:\Users\PMLS\.gradle\native\1def1411415f61bf3af743bc5b6707747c0891f09f0c88961ee8f79bc544acac\windows-amd64;C:\Users\PMLS\.gradle\native\0.2.7\x86_64-windows-gnu

VM Arguments:
jvm_args: --add-opens=java.base/java.lang=ALL-UNNAMED --add-opens=java.base/java.lang.invoke=ALL-UNNAMED --add-opens=java.base/java.util=ALL-UNNAMED --add-opens=java.prefs/java.util.prefs=ALL-UNNAMED --add-exports=jdk.compiler/com.sun.tools.javac.api=ALL-UNNAMED --add-exports=jdk.compiler/com.sun.tools.javac.util=ALL-UNNAMED --add-opens=java.base/java.util=ALL-UNNAMED --add-opens=java.prefs/java.util.prefs=ALL-UNNAMED --add-opens=java.base/java.nio.charset=ALL-UNNAMED --add-opens=java.base/java.net=ALL-UNNAMED --add-opens=java.base/java.util.concurrent.atomic=ALL-UNNAMED --add-opens=java.xml/javax.xml.namespace=ALL-UNNAMED -XX:MaxMetaspaceSize=512m -Xmx4096m -Dfile.encoding=windows-1252 -Duser.country=US -Duser.language=en -Duser.variant -javaagent:C:\Users\PMLS\.gradle\wrapper\dists\gradle-8.13-bin\5xuhj0ry160q40clulazy9h7d\gradle-8.13\lib\agents\gradle-instrumentation-agent-8.13.jar 
java_command: org.gradle.launcher.daemon.bootstrap.GradleDaemon 8.13
java_class_path (initial): C:\Users\PMLS\.gradle\wrapper\dists\gradle-8.13-bin\5xuhj0ry160q40clulazy9h7d\gradle-8.13\lib\gradle-daemon-main-8.13.jar
Launcher Type: SUN_STANDARD

[Global flags]
     intx CICompilerCount                          = 4                                         {product} {ergonomic}
   size_t CompressedClassSpaceSize                 = 436207616                                 {product} {ergonomic}
     uint ConcGCThreads                            = 3                                         {product} {ergonomic}
     uint G1ConcRefinementThreads                  = 10                                        {product} {ergonomic}
   size_t G1HeapRegionSize                         = 2097152                                   {product} {ergonomic}
    uintx GCDrainStackTargetSize                   = 64                                        {product} {ergonomic}
   size_t InitialHeapSize                          = 264241152                                 {product} {ergonomic}
   size_t MarkStackSize                            = 4194304                                   {product} {ergonomic}
   size_t MaxHeapSize                              = 4294967296                                {product} {command line}
   size_t MaxMetaspaceSize                         = 536870912                                 {product} {command line}
   size_t MaxNewSize                               = 2575302656                                {product} {ergonomic}
   size_t MinHeapDeltaBytes                        = 2097152                                   {product} {ergonomic}
   size_t MinHeapSize                              = 8388608                                   {product} {ergonomic}
    uintx NonNMethodCodeHeapSize                   = 5839372                                {pd product} {ergonomic}
    uintx NonProfiledCodeHeapSize                  = 122909434                              {pd product} {ergonomic}
    uintx ProfiledCodeHeapSize                     = 122909434                              {pd product} {ergonomic}
    uintx ReservedCodeCacheSize                    = 251658240                              {pd product} {ergonomic}
     bool SegmentedCodeCache                       = true                                      {product} {ergonomic}
   size_t SoftMaxHeapSize                          = 4294967296                             {manageable} {ergonomic}
     bool UseCompressedClassPointers               = true                           {product lp64_product} {ergonomic}
     bool UseCompressedOops                        = true                           {product lp64_product} {ergonomic}
     bool UseG1GC                                  = true                                      {product} {ergonomic}
     bool UseLargePagesIndividualAllocation        = false                                  {pd product} {ergonomic}

Logging:
Log output configuration:
 #0: stdout all=warning uptime,level,tags
 #1: stderr all=off uptime,level,tags

Environment Variables:
JAVA_HOME=C:\Program Files\Java\jdk-17
CLASSPATH=C:\Users\PMLS\AndroidStudioProjects\SafeMum\SafeMum\android\\gradle\wrapper\gradle-wrapper.jar
PATH=C:\Program Files\Common Files\Oracle\Java\javapath;C:\WINDOWS\system32;C:\WINDOWS;C:\WINDOWS\System32\Wbem;C:\WINDOWS\System32\WindowsPowerShell\v1.0\;C:\WINDOWS\System32\OpenSSH\;C:\Program Files\Git\cmd;C:\ProgramData\chocolatey\bin;C:\Program Files\nodejs\;C:\Users\PMLS\AppData\Local\Android\Sdk\platform-tools;C:\Program Files\OpenSSL-Win64\bin;C:\Users\PMLS\AppData\Local\Programs\Python\Python310\Scripts\;C:\Users\PMLS\AppData\Local\Programs\Python\Python310\;C:\Users\PMLS\AppData\Local\Programs\Python\Python314\Scripts\;C:\Users\PMLS\AppData\Local\Programs\Python\Python314\;C:\Users\PMLS\AppData\Local\Programs\Python\Python313\Scripts\;C:\Users\PMLS\AppData\Local\Programs\Python\Python313\;C:\Users\PMLS\AppData\Local\Android\Sdk\tools;C:\Users\PMLS\AppData\Local\Microsoft\WindowsApps;C:\Users\PMLS\AppData\Roaming\npm;C:\Program Files\Java\jdk-17;C:\Users\PMLS\AppData\Local\Programs\Microsoft VS Code\bin;C:\Program Files\Java\jdk-17\bin;C:\Users\PMLS\AppData\Local\Programs\cursor\resources\app\bin
USERNAME=Zahra
OS=Windows_NT
PROCESSOR_IDENTIFIER=Intel64 Family 6 Model 154 Stepping 4, GenuineIntel



---------------  S Y S T E M  ---------------

OS:
 Windows 10 , 64 bit Build 19041 (10.0.19041.5915)
OS uptime: 2 days 10:42 hours

CPU: total 12 (initial active 12) (6 cores per cpu, 2 threads per core) family 6 model 154 stepping 4 microcode 0x424, cx8, cmov, fxsr, ht, mmx, 3dnowpref, sse, sse2, sse3, ssse3, sse4.1, sse4.2, popcnt, lzcnt, tsc, tscinvbit, avx, avx2, aes, erms, clmul, bmi1, bmi2, adx, sha, fma, vzeroupper, clflush, clflushopt, clwb

Memory: 4k page, system-wide physical 16108M (747M free)
TotalPageFile size 46553M (AvailPageFile size 5M)
current process WorkingSet (physical memory assigned to process): 1013M, peak: 1044M
current process commit charge ("private bytes"): 1222M, peak: 1226M

vm_info: Java HotSpot(TM) 64-Bit Server VM (17.0.12+8-LTS-286) for windows-amd64 JRE (17.0.12+8-LTS-286), built on Jun  5 2024 06:46:59 by "mach5one" with MS VC++ 17.6 (VS2022)

END.
