#
# There is insufficient memory for the Java Runtime Environment to continue.
# Native memory allocation (mmap) failed to map 136314880 bytes for G1 virtual space
# Possible reasons:
#   The system is out of physical RAM or swap space
#   The process is running with CompressedOops enabled, and the Java Heap may be blocking the growth of the native heap
# Possible solutions:
#   Reduce memory load on the system
#   Increase physical memory or swap space
#   Check if swap backing store is full
#   Decrease Java heap size (-Xmx/-Xms)
#   Decrease number of Java threads
#   Decrease Java thread stack sizes (-Xss)
#   Set larger code cache with -XX:ReservedCodeCacheSize=
#   JVM is running with Zero Based Compressed Oops mode in which the Java heap is
#     placed in the first 32GB address space. The Java Heap base address is the
#     maximum limit for the native heap growth. Please use -XX:HeapBaseMinAddress
#     to set the Java Heap base and to place the Java Heap above 32GB virtual address.
# This output file may be truncated or incomplete.
#
#  Out of Memory Error (os_windows.cpp:3548), pid=96476, tid=98020
#
# JRE version: Java(TM) SE Runtime Environment (17.0.12+8) (build 17.0.12+8-LTS-286)
# Java VM: Java HotSpot(TM) 64-Bit Server VM (17.0.12+8-LTS-286, mixed mode, sharing, tiered, compressed oops, compressed class ptrs, g1 gc, windows-amd64)
# No core dump will be written. Minidumps are not enabled by default on client versions of Windows
#

---------------  S U M M A R Y ------------

Command Line: --add-opens=java.base/java.lang=ALL-UNNAMED --add-opens=java.base/java.lang.invoke=ALL-UNNAMED --add-opens=java.base/java.util=ALL-UNNAMED --add-opens=java.prefs/java.util.prefs=ALL-UNNAMED --add-exports=jdk.compiler/com.sun.tools.javac.api=ALL-UNNAMED --add-exports=jdk.compiler/com.sun.tools.javac.util=ALL-UNNAMED --add-opens=java.base/java.util=ALL-UNNAMED --add-opens=java.prefs/java.util.prefs=ALL-UNNAMED --add-opens=java.base/java.nio.charset=ALL-UNNAMED --add-opens=java.base/java.net=ALL-UNNAMED --add-opens=java.base/java.util.concurrent.atomic=ALL-UNNAMED --add-opens=java.xml/javax.xml.namespace=ALL-UNNAMED -XX:MaxMetaspaceSize=512m -Xmx4096m -Dfile.encoding=windows-1252 -Duser.country=US -Duser.language=en -Duser.variant -javaagent:C:\Users\PMLS\.gradle\wrapper\dists\gradle-8.13-bin\5xuhj0ry160q40clulazy9h7d\gradle-8.13\lib\agents\gradle-instrumentation-agent-8.13.jar org.gradle.launcher.daemon.bootstrap.GradleDaemon 8.13

Host: 12th Gen Intel(R) Core(TM) i5-1235U, 12 cores, 15G,  Windows 10 , 64 bit Build 19041 (10.0.19041.5915)
Time: Sat Jul 19 01:29:54 2025 Pakistan Standard Time elapsed time: 48.628838 seconds (0d 0h 0m 48s)

---------------  T H R E A D  ---------------

Current thread (0x000001b4fee8e2d0):  VMThread "VM Thread" [stack: 0x000000089e700000,0x000000089e800000] [id=98020]

Stack: [0x000000089e700000,0x000000089e800000]
Native frames: (J=compiled Java code, j=interpreted, Vv=VM code, C=native code)
V  [jvm.dll+0x67a04a]
V  [jvm.dll+0x7da4ed]
V  [jvm.dll+0x7dbe33]
V  [jvm.dll+0x7dc4a3]
V  [jvm.dll+0x24508f]
V  [jvm.dll+0x677089]
V  [jvm.dll+0x66bd32]
V  [jvm.dll+0x301fa6]
V  [jvm.dll+0x309546]
V  [jvm.dll+0x359d2e]
V  [jvm.dll+0x359f5f]
V  [jvm.dll+0x2d9078]
V  [jvm.dll+0x2d74ad]
V  [jvm.dll+0x2d6afc]
V  [jvm.dll+0x31a65b]
V  [jvm.dll+0x7e0d9b]
V  [jvm.dll+0x7e1ad4]
V  [jvm.dll+0x7e1fed]
V  [jvm.dll+0x7e23c4]
V  [jvm.dll+0x7e2490]
V  [jvm.dll+0x78abea]
V  [jvm.dll+0x678f35]
C  [ucrtbase.dll+0x21bb2]
C  [KERNEL32.DLL+0x17374]
C  [ntdll.dll+0x4cc91]

VM_Operation (0x00000008a06fe890): G1CollectForAllocation, mode: safepoint, requested by thread 0x000001b4a44a77d0


---------------  P R O C E S S  ---------------

Threads class SMR info:
_java_thread_list=0x000001b4a679adf0, length=222, elements={
0x000001b4dfbf8aa0, 0x000001b4fee92670, 0x000001b4fee93400, 0x000001b4feeaa4b0,
0x000001b4feeac0f0, 0x000001b4feeaead0, 0x000001b4feeb03b0, 0x000001b4feeb1060,
0x000001b4feeb1a20, 0x000001b4feeb2330, 0x000001b4ff092190, 0x000001b4ff1f7650,
0x000001b4a4374ed0, 0x000001b4a4338730, 0x000001b4a44a6340, 0x000001b4a44a5e60,
0x000001b4a448f8f0, 0x000001b4a44aa050, 0x000001b4a44a68a0, 0x000001b4a44a8c10,
0x000001b4a44a9630, 0x000001b4a44a9b40, 0x000001b4a44a6db0, 0x000001b4a44a72c0,
0x000001b4a44a77d0, 0x000001b4a44a7ce0, 0x000001b4a648f6e0, 0x000001b4a6491a50,
0x000001b4a6490100, 0x000001b4a648fbf0, 0x000001b4a6490610, 0x000001b4a6492470,
0x000001b4a648bf30, 0x000001b4a648e2a0, 0x000001b4a648c440, 0x000001b4a648e7b0,
0x000001b4a648c950, 0x000001b4a648ce60, 0x000001b4a39cc5f0, 0x000001b4a39cc0e0,
0x000001b4a39ce450, 0x000001b4a39ce960, 0x000001b4a39cee70, 0x000001b4a39cda30,
0x000001b4a39cd520, 0x000001b4a39cfda0, 0x000001b4a39d2110, 0x000001b4a39d3550,
0x000001b4a39cdf40, 0x000001b4a39cf890, 0x000001b4a39d02b0, 0x000001b4a39d07c0,
0x000001b4a39d0cd0, 0x000001b4a39d11e0, 0x000001b4a39d16f0, 0x000001b4a39d1c00,
0x000001b4a39d2620, 0x000001b4a39d2b30, 0x000001b4a39d3040, 0x000001b4a39cf380,
0x000001b4a39d3a60, 0x000001b4a39ccb00, 0x000001b4a39cd010, 0x000001b4ff7bf680,
0x000001b4ff7bdd30, 0x000001b4ff7be240, 0x000001b4ff7c00a0, 0x000001b4ff7be750,
0x000001b4ff7baa90, 0x000001b4ff7bce00, 0x000001b4ff7bafa0, 0x000001b4ff7bfb90,
0x000001b4ff7bec60, 0x000001b4ff7bf170, 0x000001b4ff7bb9c0, 0x000001b4ff7c05b0,
0x000001b4ff7c0ac0, 0x000001b4ff7bd310, 0x000001b4ff7bbed0, 0x000001b4ff7bc3e0,
0x000001b4ff7c19f0, 0x000001b4ff7ba580, 0x000001b4a3a6aa10, 0x000001b4a3a6a500,
0x000001b4a3a63fc0, 0x000001b4a3a690c0, 0x000001b4a3a68190, 0x000001b4a3a65400,
0x000001b4a3a644d0, 0x000001b4a3a686a0, 0x000001b4a3a65910, 0x000001b4a3a65e20,
0x000001b4a3a68bb0, 0x000001b4a3a6af20, 0x000001b4a3a69ff0, 0x000001b4a3a63ab0,
0x000001b4a3a67260, 0x000001b4a3a649e0, 0x000001b4a3a66330, 0x000001b4a3a66840,
0x000001b4a3a695d0, 0x000001b4a3a6b430, 0x000001b4a3a67770, 0x000001b4a3a67c80,
0x000001b4a3a64ef0, 0x000001b4a3a69ae0, 0x000001b4a3a66d50, 0x000001b4a4eddb20,
0x000001b4a4edb7b0, 0x000001b4a4edd610, 0x000001b4a4edcbf0, 0x000001b4a4ed8510,
0x000001b4a4ed8000, 0x000001b4a4edc6e0, 0x000001b4a4ed7af0, 0x000001b4a4edd100,
0x000001b4a4ed9950, 0x000001b4a4ed9440, 0x000001b4a4ed70d0, 0x000001b4a4ede030,
0x000001b4a4ed9e60, 0x000001b4a4ed6bc0, 0x000001b4a4edad90, 0x000001b4a4ede540,
0x000001b4a4eda880, 0x000001b4a4ed75e0, 0x000001b4a4ed8a20, 0x000001b4a4ed8f30,
0x000001b4a601c330, 0x000001b4a601c840, 0x000001b4a601a4d0, 0x000001b4a6019fc0,
0x000001b4a601aef0, 0x000001b4a6017740, 0x000001b4a6018b80, 0x000001b4a601cd50,
0x000001b4a601a9e0, 0x000001b4a601b400, 0x000001b4a60158e0, 0x000001b4a60195a0,
0x000001b4a6018160, 0x000001b4a6017230, 0x000001b4a601b910, 0x000001b4a601be20,
0x000001b4a601d260, 0x000001b4a6018670, 0x000001b4a6015df0, 0x000001b4a6016300,
0x000001b4a6019090, 0x000001b4a6016810, 0x000001b4a6016d20, 0x000001b4a6490b20,
0x000001b4a6019ab0, 0x000001b4a75c0b40, 0x000001b4a75bc460, 0x000001b4a75c0120,
0x000001b4a75c1f80, 0x000001b4a75bb530, 0x000001b4a75bba40, 0x000001b4a75bbf50,
0x000001b4a75bf700, 0x000001b4a75bc970, 0x000001b4a75bf1f0, 0x000001b4a75bece0,
0x000001b4a75bab10, 0x000001b4a75bfc10, 0x000001b4a75c2490, 0x000001b4a75bce80,
0x000001b4a75c1050, 0x000001b4a75c0630, 0x000001b4a75bb020, 0x000001b4a75c1a70,
0x000001b4a75bd390, 0x000001b4a75bd8a0, 0x000001b4a75bddb0, 0x000001b4a75c1560,
0x000001b4a75be2c0, 0x000001b4a75be7d0, 0x000001b4a648dd90, 0x000001b4a7a54d30,
0x000001b4a7a529c0, 0x000001b4a7a55240, 0x000001b4a7a584e0, 0x000001b4a7a51070,
0x000001b4a7a51580, 0x000001b4a7a56680, 0x000001b4a7a51fa0, 0x000001b4a7a53e00,
0x000001b4a7a55c60, 0x000001b4a7a589f0, 0x000001b4a7a52ed0, 0x000001b4a7a533e0,
0x000001b4a7a575b0, 0x000001b4a7a56170, 0x000001b4a7a56b90, 0x000001b4a7a57ac0,
0x000001b4a857f3e0, 0x000001b4a85830a0, 0x000001b4a8580310, 0x000001b4a85835b0,
0x000001b4a8581240, 0x000001b4a857e9c0, 0x000001b4a85886b0, 0x000001b4a8586340,
0x000001b4a8585410, 0x000001b4a85849f0, 0x000001b4a8582680, 0x000001b4a85890d0,
0x000001b4a8582170, 0x000001b4a857f8f0, 0x000001b4a858be60, 0x000001b4a85881a0,
0x000001b4a8588bc0, 0x000001b4a44a9120, 0x000001b4ff7ba070, 0x000001b4a66ea710,
0x000001b4a66eac20, 0x000001b4a66eb130, 0x000001b4a66e6f60, 0x000001b4a66e7470,
0x000001b4a66e6a50, 0x000001b4ff41ac10
}

Java Threads: ( => current thread )
  0x000001b4dfbf8aa0 JavaThread "main" [_thread_blocked, id=89360, stack(0x000000089e100000,0x000000089e200000)]
  0x000001b4fee92670 JavaThread "Reference Handler" daemon [_thread_blocked, id=91852, stack(0x000000089e800000,0x000000089e900000)]
  0x000001b4fee93400 JavaThread "Finalizer" daemon [_thread_blocked, id=63932, stack(0x000000089e900000,0x000000089ea00000)]
  0x000001b4feeaa4b0 JavaThread "Signal Dispatcher" daemon [_thread_blocked, id=51608, stack(0x000000089ea00000,0x000000089eb00000)]
  0x000001b4feeac0f0 JavaThread "Attach Listener" daemon [_thread_blocked, id=97324, stack(0x000000089eb00000,0x000000089ec00000)]
  0x000001b4feeaead0 JavaThread "Service Thread" daemon [_thread_blocked, id=87336, stack(0x000000089ec00000,0x000000089ed00000)]
  0x000001b4feeb03b0 JavaThread "Monitor Deflation Thread" daemon [_thread_blocked, id=96988, stack(0x000000089ed00000,0x000000089ee00000)]
  0x000001b4feeb1060 JavaThread "C2 CompilerThread0" daemon [_thread_blocked, id=92108, stack(0x000000089ee00000,0x000000089ef00000)]
  0x000001b4feeb1a20 JavaThread "C1 CompilerThread0" daemon [_thread_blocked, id=97716, stack(0x000000089ef00000,0x000000089f000000)]
  0x000001b4feeb2330 JavaThread "Sweeper thread" daemon [_thread_blocked, id=99900, stack(0x000000089f000000,0x000000089f100000)]
  0x000001b4ff092190 JavaThread "Common-Cleaner" daemon [_thread_blocked, id=96184, stack(0x000000089f100000,0x000000089f200000)]
  0x000001b4ff1f7650 JavaThread "Notification Thread" daemon [_thread_blocked, id=86336, stack(0x000000089f300000,0x000000089f400000)]
  0x000001b4a4374ed0 JavaThread "Daemon health stats" [_thread_blocked, id=38940, stack(0x000000089fb00000,0x000000089fc00000)]
  0x000001b4a4338730 JavaThread "Incoming local TCP Connector on port 56301" [_thread_in_native, id=85660, stack(0x000000089f500000,0x000000089f600000)]
  0x000001b4a44a6340 JavaThread "Daemon periodic checks" [_thread_blocked, id=96252, stack(0x000000089fc00000,0x000000089fd00000)]
  0x000001b4a44a5e60 JavaThread "Daemon" [_thread_blocked, id=97572, stack(0x000000089fd00000,0x000000089fe00000)]
  0x000001b4a448f8f0 JavaThread "Handler for socket connection from /127.0.0.1:56301 to /127.0.0.1:56303" [_thread_in_native, id=95384, stack(0x000000089fe00000,0x000000089ff00000)]
  0x000001b4a44aa050 JavaThread "Cancel handler" [_thread_blocked, id=98796, stack(0x000000089ff00000,0x00000008a0000000)]
  0x000001b4a44a68a0 JavaThread "Daemon worker" [_thread_blocked, id=97252, stack(0x00000008a0000000,0x00000008a0100000)]
  0x000001b4a44a8c10 JavaThread "Asynchronous log dispatcher for DefaultDaemonConnection: socket connection from /127.0.0.1:56301 to /127.0.0.1:56303" [_thread_blocked, id=94636, stack(0x00000008a0100000,0x00000008a0200000)]
  0x000001b4a44a9630 JavaThread "Stdin handler" [_thread_blocked, id=98964, stack(0x00000008a0200000,0x00000008a0300000)]
  0x000001b4a44a9b40 JavaThread "Daemon client event forwarder" [_thread_blocked, id=85404, stack(0x00000008a0300000,0x00000008a0400000)]
  0x000001b4a44a6db0 JavaThread "Cache worker for journal cache (C:\Users\PMLS\.gradle\caches\journal-1)" [_thread_blocked, id=94320, stack(0x00000008a0400000,0x00000008a0500000)]
  0x000001b4a44a72c0 JavaThread "File lock request listener" [_thread_in_native, id=97292, stack(0x00000008a0500000,0x00000008a0600000)]
  0x000001b4a44a77d0 JavaThread "Cache worker for file hash cache (C:\Users\PMLS\.gradle\caches\8.13\fileHashes)" [_thread_blocked, id=96884, stack(0x00000008a0600000,0x00000008a0700000)]
  0x000001b4a44a7ce0 JavaThread "Cache worker for file hash cache (C:\Users\PMLS\AndroidStudioProjects\SafeMum\SafeMum\android\.gradle\8.13\fileHashes)" [_thread_blocked, id=95692, stack(0x00000008a0800000,0x00000008a0900000)]
  0x000001b4a648f6e0 JavaThread "Cache worker for Build Output Cleanup Cache (C:\Users\PMLS\AndroidStudioProjects\SafeMum\SafeMum\android\.gradle\buildOutputCleanup)" [_thread_blocked, id=99024, stack(0x00000008a0900000,0x00000008a0a00000)]
  0x000001b4a6491a50 JavaThread "File watcher server" daemon [_thread_blocked, id=87088, stack(0x00000008a1000000,0x00000008a1100000)]
  0x000001b4a6490100 JavaThread "File watcher consumer" daemon [_thread_blocked, id=95936, stack(0x00000008a1100000,0x00000008a1200000)]
  0x000001b4a648fbf0 JavaThread "jar transforms" [_thread_blocked, id=95888, stack(0x00000008a1300000,0x00000008a1400000)]
  0x000001b4a6490610 JavaThread "Cache worker for checksums cache (C:\Users\PMLS\AndroidStudioProjects\SafeMum\SafeMum\android\.gradle\8.13\checksums)" [_thread_blocked, id=95684, stack(0x00000008a1400000,0x00000008a1500000)]
  0x000001b4a6492470 JavaThread "Cache worker for file content cache (C:\Users\PMLS\.gradle\caches\8.13\fileContent)" [_thread_blocked, id=100172, stack(0x00000008a1500000,0x00000008a1600000)]
  0x000001b4a648bf30 JavaThread "Exec process" [_thread_blocked, id=88788, stack(0x00000008a1600000,0x00000008a1700000)]
  0x000001b4a648e2a0 JavaThread "Exec process Thread 2" [_thread_blocked, id=93300, stack(0x00000008a1700000,0x00000008a1800000)]
  0x000001b4a648c440 JavaThread "Exec process Thread 3" [_thread_blocked, id=98184, stack(0x00000008a1800000,0x00000008a1900000)]
  0x000001b4a648e7b0 JavaThread "Cache worker for cache directory md-supplier (C:\Users\PMLS\.gradle\caches\8.13\md-supplier)" [_thread_blocked, id=91352, stack(0x00000008a1900000,0x00000008a1a00000)]
  0x000001b4a648c950 JavaThread "Cache worker for cache directory md-rule (C:\Users\PMLS\.gradle\caches\8.13\md-rule)" [_thread_blocked, id=89436, stack(0x00000008a1a00000,0x00000008a1b00000)]
  0x000001b4a648ce60 JavaThread "Cache worker for Build Output Cleanup Cache (C:\Users\PMLS\AndroidStudioProjects\SafeMum\SafeMum\node_modules\@react-native\gradle-plugin\.gradle\buildOutputCleanup)" [_thread_blocked, id=94852, stack(0x00000008a1b00000,0x00000008a1c00000)]
  0x000001b4a39cc5f0 JavaThread "Unconstrained build operations" [_thread_blocked, id=81204, stack(0x00000008a1c00000,0x00000008a1d00000)]
  0x000001b4a39cc0e0 JavaThread "Unconstrained build operations Thread 2" [_thread_blocked, id=95752, stack(0x00000008a1d00000,0x00000008a1e00000)]
  0x000001b4a39ce450 JavaThread "Unconstrained build operations Thread 3" [_thread_blocked, id=95120, stack(0x00000008a1e00000,0x00000008a1f00000)]
  0x000001b4a39ce960 JavaThread "Unconstrained build operations Thread 4" [_thread_blocked, id=97140, stack(0x00000008a1f00000,0x00000008a2000000)]
  0x000001b4a39cee70 JavaThread "Unconstrained build operations Thread 5" [_thread_blocked, id=98940, stack(0x00000008a2000000,0x00000008a2100000)]
  0x000001b4a39cda30 JavaThread "Unconstrained build operations Thread 6" [_thread_blocked, id=95824, stack(0x00000008a2100000,0x00000008a2200000)]
  0x000001b4a39cd520 JavaThread "Cache worker for Build Output Cleanup Cache (C:\Users\PMLS\AndroidStudioProjects\SafeMum\SafeMum\node_modules\expo-modules-autolinking\android\expo-gradle-plugin\.gradle\buildOutputCleanup)" [_thread_blocked, id=100020, stack(0x00000008a0700000,0x00000008a0800000)]
  0x000001b4a39cfda0 JavaThread "Unconstrained build operations Thread 7" [_thread_blocked, id=97936, stack(0x00000008a2200000,0x00000008a2300000)]
  0x000001b4a39d2110 JavaThread "Unconstrained build operations Thread 8" [_thread_blocked, id=99416, stack(0x00000008a2300000,0x00000008a2400000)]
  0x000001b4a39d3550 JavaThread "Unconstrained build operations Thread 9" [_thread_blocked, id=95216, stack(0x00000008a2400000,0x00000008a2500000)]
  0x000001b4a39cdf40 JavaThread "Unconstrained build operations Thread 10" [_thread_blocked, id=59216, stack(0x00000008a2500000,0x00000008a2600000)]
  0x000001b4a39cf890 JavaThread "Unconstrained build operations Thread 11" [_thread_blocked, id=93400, stack(0x00000008a2600000,0x00000008a2700000)]
  0x000001b4a39d02b0 JavaThread "Unconstrained build operations Thread 12" [_thread_blocked, id=91800, stack(0x00000008a2700000,0x00000008a2800000)]
  0x000001b4a39d07c0 JavaThread "Unconstrained build operations Thread 13" [_thread_blocked, id=94588, stack(0x00000008a2800000,0x00000008a2900000)]
  0x000001b4a39d0cd0 JavaThread "Unconstrained build operations Thread 14" [_thread_blocked, id=94672, stack(0x00000008a2900000,0x00000008a2a00000)]
  0x000001b4a39d11e0 JavaThread "Unconstrained build operations Thread 15" [_thread_blocked, id=94960, stack(0x00000008a2a00000,0x00000008a2b00000)]
  0x000001b4a39d16f0 JavaThread "Unconstrained build operations Thread 16" [_thread_blocked, id=90288, stack(0x00000008a2b00000,0x00000008a2c00000)]
  0x000001b4a39d1c00 JavaThread "Unconstrained build operations Thread 17" [_thread_blocked, id=96760, stack(0x00000008a2c00000,0x00000008a2d00000)]
  0x000001b4a39d2620 JavaThread "Unconstrained build operations Thread 18" [_thread_blocked, id=93372, stack(0x00000008a2d00000,0x00000008a2e00000)]
  0x000001b4a39d2b30 JavaThread "Unconstrained build operations Thread 19" [_thread_blocked, id=92112, stack(0x00000008a2e00000,0x00000008a2f00000)]
  0x000001b4a39d3040 JavaThread "Unconstrained build operations Thread 20" [_thread_blocked, id=100324, stack(0x00000008a2f00000,0x00000008a3000000)]
  0x000001b4a39cf380 JavaThread "Unconstrained build operations Thread 21" [_thread_blocked, id=88472, stack(0x00000008a3000000,0x00000008a3100000)]
  0x000001b4a39d3a60 JavaThread "Unconstrained build operations Thread 22" [_thread_blocked, id=97856, stack(0x00000008a3100000,0x00000008a3200000)]
  0x000001b4a39ccb00 JavaThread "Unconstrained build operations Thread 23" [_thread_blocked, id=99480, stack(0x00000008a3200000,0x00000008a3300000)]
  0x000001b4a39cd010 JavaThread "Unconstrained build operations Thread 24" [_thread_blocked, id=99820, stack(0x00000008a3300000,0x00000008a3400000)]
  0x000001b4ff7bf680 JavaThread "Unconstrained build operations Thread 25" [_thread_blocked, id=87700, stack(0x00000008a3400000,0x00000008a3500000)]
  0x000001b4ff7bdd30 JavaThread "Unconstrained build operations Thread 26" [_thread_blocked, id=84220, stack(0x00000008a3500000,0x00000008a3600000)]
  0x000001b4ff7be240 JavaThread "Unconstrained build operations Thread 27" [_thread_blocked, id=94732, stack(0x00000008a3600000,0x00000008a3700000)]
  0x000001b4ff7c00a0 JavaThread "Unconstrained build operations Thread 28" [_thread_blocked, id=93196, stack(0x00000008a3700000,0x00000008a3800000)]
  0x000001b4ff7be750 JavaThread "Unconstrained build operations Thread 29" [_thread_blocked, id=85152, stack(0x00000008a3800000,0x00000008a3900000)]
  0x000001b4ff7baa90 JavaThread "Unconstrained build operations Thread 30" [_thread_blocked, id=54332, stack(0x00000008a3900000,0x00000008a3a00000)]
  0x000001b4ff7bce00 JavaThread "Unconstrained build operations Thread 31" [_thread_blocked, id=75336, stack(0x00000008a3a00000,0x00000008a3b00000)]
  0x000001b4ff7bafa0 JavaThread "Unconstrained build operations Thread 32" [_thread_blocked, id=92400, stack(0x00000008a3b00000,0x00000008a3c00000)]
  0x000001b4ff7bfb90 JavaThread "Unconstrained build operations Thread 33" [_thread_blocked, id=97832, stack(0x00000008a3c00000,0x00000008a3d00000)]
  0x000001b4ff7bec60 JavaThread "Unconstrained build operations Thread 34" [_thread_blocked, id=60448, stack(0x00000008a3d00000,0x00000008a3e00000)]
  0x000001b4ff7bf170 JavaThread "Unconstrained build operations Thread 35" [_thread_blocked, id=95640, stack(0x00000008a3e00000,0x00000008a3f00000)]
  0x000001b4ff7bb9c0 JavaThread "Unconstrained build operations Thread 36" [_thread_blocked, id=93824, stack(0x00000008a3f00000,0x00000008a4000000)]
  0x000001b4ff7c05b0 JavaThread "Unconstrained build operations Thread 37" [_thread_blocked, id=73064, stack(0x00000008a4000000,0x00000008a4100000)]
  0x000001b4ff7c0ac0 JavaThread "Unconstrained build operations Thread 38" [_thread_blocked, id=93028, stack(0x00000008a4100000,0x00000008a4200000)]
  0x000001b4ff7bd310 JavaThread "Unconstrained build operations Thread 39" [_thread_blocked, id=93268, stack(0x00000008a4200000,0x00000008a4300000)]
  0x000001b4ff7bbed0 JavaThread "build event listener" [_thread_blocked, id=96076, stack(0x00000008a4400000,0x00000008a4500000)]
  0x000001b4ff7bc3e0 JavaThread "Memory manager" [_thread_blocked, id=96056, stack(0x00000008a4500000,0x00000008a4600000)]
  0x000001b4ff7c19f0 JavaThread "Unconstrained build operations Thread 40" [_thread_blocked, id=96016, stack(0x00000008a4600000,0x00000008a4700000)]
  0x000001b4ff7ba580 JavaThread "Unconstrained build operations Thread 41" [_thread_blocked, id=92748, stack(0x00000008a4700000,0x00000008a4800000)]
  0x000001b4a3a6aa10 JavaThread "Unconstrained build operations Thread 42" [_thread_blocked, id=96100, stack(0x00000008a4800000,0x00000008a4900000)]
  0x000001b4a3a6a500 JavaThread "Unconstrained build operations Thread 43" [_thread_blocked, id=95196, stack(0x00000008a4900000,0x00000008a4a00000)]
  0x000001b4a3a63fc0 JavaThread "Unconstrained build operations Thread 44" [_thread_blocked, id=52848, stack(0x00000008a4a00000,0x00000008a4b00000)]
  0x000001b4a3a690c0 JavaThread "Unconstrained build operations Thread 45" [_thread_blocked, id=95920, stack(0x00000008a4b00000,0x00000008a4c00000)]
  0x000001b4a3a68190 JavaThread "Unconstrained build operations Thread 46" [_thread_blocked, id=82304, stack(0x00000008a4c00000,0x00000008a4d00000)]
  0x000001b4a3a65400 JavaThread "Unconstrained build operations Thread 47" [_thread_blocked, id=97980, stack(0x00000008a4d00000,0x00000008a4e00000)]
  0x000001b4a3a644d0 JavaThread "Unconstrained build operations Thread 48" [_thread_blocked, id=95660, stack(0x00000008a4e00000,0x00000008a4f00000)]
  0x000001b4a3a686a0 JavaThread "Unconstrained build operations Thread 49" [_thread_blocked, id=91840, stack(0x00000008a4f00000,0x00000008a5000000)]
  0x000001b4a3a65910 JavaThread "Unconstrained build operations Thread 50" [_thread_blocked, id=95964, stack(0x00000008a5000000,0x00000008a5100000)]
  0x000001b4a3a65e20 JavaThread "Unconstrained build operations Thread 51" [_thread_blocked, id=80516, stack(0x00000008a5100000,0x00000008a5200000)]
  0x000001b4a3a68bb0 JavaThread "Unconstrained build operations Thread 52" [_thread_blocked, id=92280, stack(0x00000008a5200000,0x00000008a5300000)]
  0x000001b4a3a6af20 JavaThread "Unconstrained build operations Thread 53" [_thread_blocked, id=93248, stack(0x00000008a5300000,0x00000008a5400000)]
  0x000001b4a3a69ff0 JavaThread "Unconstrained build operations Thread 54" [_thread_blocked, id=90476, stack(0x00000008a5400000,0x00000008a5500000)]
  0x000001b4a3a63ab0 JavaThread "Unconstrained build operations Thread 55" [_thread_blocked, id=95944, stack(0x00000008a5500000,0x00000008a5600000)]
  0x000001b4a3a67260 JavaThread "Unconstrained build operations Thread 56" [_thread_blocked, id=99460, stack(0x00000008a5600000,0x00000008a5700000)]
  0x000001b4a3a649e0 JavaThread "Unconstrained build operations Thread 57" [_thread_blocked, id=92532, stack(0x00000008a5700000,0x00000008a5800000)]
  0x000001b4a3a66330 JavaThread "Unconstrained build operations Thread 58" [_thread_blocked, id=90152, stack(0x00000008a5800000,0x00000008a5900000)]
  0x000001b4a3a66840 JavaThread "Unconstrained build operations Thread 59" [_thread_blocked, id=86032, stack(0x00000008a5900000,0x00000008a5a00000)]
  0x000001b4a3a695d0 JavaThread "Unconstrained build operations Thread 60" [_thread_blocked, id=97184, stack(0x00000008a5a00000,0x00000008a5b00000)]
  0x000001b4a3a6b430 JavaThread "Unconstrained build operations Thread 61" [_thread_blocked, id=81160, stack(0x00000008a5b00000,0x00000008a5c00000)]
  0x000001b4a3a67770 JavaThread "Unconstrained build operations Thread 62" [_thread_blocked, id=91592, stack(0x00000008a5c00000,0x00000008a5d00000)]
  0x000001b4a3a67c80 JavaThread "Unconstrained build operations Thread 63" [_thread_blocked, id=69584, stack(0x00000008a5d00000,0x00000008a5e00000)]
  0x000001b4a3a64ef0 JavaThread "Unconstrained build operations Thread 64" [_thread_blocked, id=97036, stack(0x00000008a5e00000,0x00000008a5f00000)]
  0x000001b4a3a69ae0 JavaThread "Unconstrained build operations Thread 65" [_thread_blocked, id=91200, stack(0x00000008a5f00000,0x00000008a6000000)]
  0x000001b4a3a66d50 JavaThread "Unconstrained build operations Thread 66" [_thread_blocked, id=91672, stack(0x00000008a6000000,0x00000008a6100000)]
  0x000001b4a4eddb20 JavaThread "Unconstrained build operations Thread 67" [_thread_blocked, id=92396, stack(0x00000008a6100000,0x00000008a6200000)]
  0x000001b4a4edb7b0 JavaThread "Unconstrained build operations Thread 68" [_thread_blocked, id=93188, stack(0x00000008a6200000,0x00000008a6300000)]
  0x000001b4a4edd610 JavaThread "Unconstrained build operations Thread 69" [_thread_blocked, id=97740, stack(0x00000008a6300000,0x00000008a6400000)]
  0x000001b4a4edcbf0 JavaThread "Unconstrained build operations Thread 70" [_thread_blocked, id=96412, stack(0x00000008a6400000,0x00000008a6500000)]
  0x000001b4a4ed8510 JavaThread "Unconstrained build operations Thread 71" [_thread_blocked, id=97484, stack(0x00000008a6500000,0x00000008a6600000)]
  0x000001b4a4ed8000 JavaThread "Unconstrained build operations Thread 72" [_thread_blocked, id=92188, stack(0x00000008a6600000,0x00000008a6700000)]
  0x000001b4a4edc6e0 JavaThread "build event listener" [_thread_blocked, id=98832, stack(0x00000008a6700000,0x00000008a6800000)]
  0x000001b4a4ed7af0 JavaThread "Unconstrained build operations Thread 73" [_thread_blocked, id=84776, stack(0x00000008a6800000,0x00000008a6900000)]
  0x000001b4a4edd100 JavaThread "Unconstrained build operations Thread 74" [_thread_blocked, id=94116, stack(0x00000008a6900000,0x00000008a6a00000)]
  0x000001b4a4ed9950 JavaThread "Unconstrained build operations Thread 75" [_thread_blocked, id=34992, stack(0x00000008a6a00000,0x00000008a6b00000)]
  0x000001b4a4ed9440 JavaThread "Unconstrained build operations Thread 76" [_thread_blocked, id=90236, stack(0x00000008a6b00000,0x00000008a6c00000)]
  0x000001b4a4ed70d0 JavaThread "Unconstrained build operations Thread 77" [_thread_blocked, id=94040, stack(0x00000008a6c00000,0x00000008a6d00000)]
  0x000001b4a4ede030 JavaThread "Unconstrained build operations Thread 78" [_thread_blocked, id=98936, stack(0x00000008a6d00000,0x00000008a6e00000)]
  0x000001b4a4ed9e60 JavaThread "Unconstrained build operations Thread 79" [_thread_blocked, id=93608, stack(0x00000008a6e00000,0x00000008a6f00000)]
  0x000001b4a4ed6bc0 JavaThread "Unconstrained build operations Thread 80" [_thread_blocked, id=93156, stack(0x00000008a6f00000,0x00000008a7000000)]
  0x000001b4a4edad90 JavaThread "Unconstrained build operations Thread 81" [_thread_blocked, id=95740, stack(0x00000008a7000000,0x00000008a7100000)]
  0x000001b4a4ede540 JavaThread "Unconstrained build operations Thread 82" [_thread_blocked, id=99180, stack(0x00000008a7100000,0x00000008a7200000)]
  0x000001b4a4eda880 JavaThread "Unconstrained build operations Thread 83" [_thread_blocked, id=79360, stack(0x00000008a7200000,0x00000008a7300000)]
  0x000001b4a4ed75e0 JavaThread "Unconstrained build operations Thread 84" [_thread_blocked, id=96812, stack(0x00000008a7300000,0x00000008a7400000)]
  0x000001b4a4ed8a20 JavaThread "ForkJoinPool.commonPool-worker-1" daemon [_thread_blocked, id=93424, stack(0x00000008a7400000,0x00000008a7500000)]
  0x000001b4a4ed8f30 JavaThread "ForkJoinPool.commonPool-worker-2" daemon [_thread_blocked, id=96956, stack(0x00000008a7500000,0x00000008a7600000)]
  0x000001b4a601c330 JavaThread "ForkJoinPool.commonPool-worker-3" daemon [_thread_blocked, id=98068, stack(0x00000008a7600000,0x00000008a7700000)]
  0x000001b4a601c840 JavaThread "ForkJoinPool.commonPool-worker-4" daemon [_thread_blocked, id=96564, stack(0x00000008a7700000,0x00000008a7800000)]
  0x000001b4a601a4d0 JavaThread "ForkJoinPool.commonPool-worker-5" daemon [_thread_blocked, id=99816, stack(0x00000008a7800000,0x00000008a7900000)]
  0x000001b4a6019fc0 JavaThread "ForkJoinPool.commonPool-worker-6" daemon [_thread_blocked, id=96708, stack(0x00000008a7900000,0x00000008a7a00000)]
  0x000001b4a601aef0 JavaThread "ForkJoinPool.commonPool-worker-7" daemon [_thread_blocked, id=93168, stack(0x00000008a7a00000,0x00000008a7b00000)]
  0x000001b4a6017740 JavaThread "ForkJoinPool.commonPool-worker-8" daemon [_thread_blocked, id=95728, stack(0x00000008a7b00000,0x00000008a7c00000)]
  0x000001b4a6018b80 JavaThread "ForkJoinPool.commonPool-worker-9" daemon [_thread_blocked, id=91344, stack(0x00000008a7c00000,0x00000008a7d00000)]
  0x000001b4a601cd50 JavaThread "ForkJoinPool.commonPool-worker-10" daemon [_thread_blocked, id=93100, stack(0x00000008a7d00000,0x00000008a7e00000)]
  0x000001b4a601a9e0 JavaThread "ForkJoinPool.commonPool-worker-11" daemon [_thread_blocked, id=95336, stack(0x00000008a7e00000,0x00000008a7f00000)]
  0x000001b4a601b400 JavaThread "included builds" [_thread_blocked, id=71132, stack(0x00000008a7f00000,0x00000008a8000000)]
  0x000001b4a60158e0 JavaThread "included builds Thread 2" [_thread_blocked, id=72728, stack(0x00000008a8000000,0x00000008a8100000)]
  0x000001b4a60195a0 JavaThread "Execution worker" [_thread_blocked, id=97612, stack(0x00000008a8100000,0x00000008a8200000)]
  0x000001b4a6018160 JavaThread "Execution worker Thread 2" [_thread_blocked, id=78708, stack(0x00000008a8200000,0x00000008a8300000)]
  0x000001b4a6017230 JavaThread "Execution worker Thread 3" [_thread_blocked, id=91056, stack(0x00000008a8300000,0x00000008a8400000)]
  0x000001b4a601b910 JavaThread "Execution worker Thread 4" [_thread_blocked, id=93012, stack(0x00000008a8400000,0x00000008a8500000)]
  0x000001b4a601be20 JavaThread "Execution worker Thread 5" [_thread_blocked, id=90172, stack(0x00000008a8500000,0x00000008a8600000)]
  0x000001b4a601d260 JavaThread "Execution worker Thread 6" [_thread_blocked, id=97304, stack(0x00000008a8600000,0x00000008a8700000)]
  0x000001b4a6018670 JavaThread "Execution worker Thread 7" [_thread_blocked, id=100084, stack(0x00000008a8700000,0x00000008a8800000)]
  0x000001b4a6015df0 JavaThread "Execution worker Thread 8" [_thread_blocked, id=96928, stack(0x00000008a8800000,0x00000008a8900000)]
  0x000001b4a6016300 JavaThread "Execution worker Thread 9" [_thread_blocked, id=96820, stack(0x00000008a8900000,0x00000008a8a00000)]
  0x000001b4a6019090 JavaThread "Execution worker Thread 10" [_thread_blocked, id=90520, stack(0x00000008a8a00000,0x00000008a8b00000)]
  0x000001b4a6016810 JavaThread "Execution worker Thread 11" [_thread_blocked, id=97224, stack(0x00000008a8b00000,0x00000008a8c00000)]
  0x000001b4a6016d20 JavaThread "Cache worker for execution history cache (C:\Users\PMLS\AndroidStudioProjects\SafeMum\SafeMum\node_modules\expo-modules-autolinking\android\expo-gradle-plugin\.gradle\8.13\executionHistory)" [_thread_blocked, id=94276, stack(0x00000008a8c00000,0x00000008a8d00000)]
  0x000001b4a6490b20 JavaThread "Cache worker for execution history cache (C:\Users\PMLS\AndroidStudioProjects\SafeMum\SafeMum\node_modules\@react-native\gradle-plugin\.gradle\8.13\executionHistory)" [_thread_blocked, id=86116, stack(0x00000008a8d00000,0x00000008a8e00000)]
  0x000001b4a6019ab0 JavaThread "Unconstrained build operations Thread 85" [_thread_blocked, id=100348, stack(0x00000008a8e00000,0x00000008a8f00000)]
  0x000001b4a75c0b40 JavaThread "Unconstrained build operations Thread 86" [_thread_blocked, id=92644, stack(0x00000008a8f00000,0x00000008a9000000)]
  0x000001b4a75bc460 JavaThread "Unconstrained build operations Thread 87" [_thread_blocked, id=94268, stack(0x00000008a9000000,0x00000008a9100000)]
  0x000001b4a75c0120 JavaThread "Unconstrained build operations Thread 88" [_thread_blocked, id=97048, stack(0x00000008a9100000,0x00000008a9200000)]
  0x000001b4a75c1f80 JavaThread "Unconstrained build operations Thread 89" [_thread_blocked, id=100252, stack(0x00000008a9200000,0x00000008a9300000)]
  0x000001b4a75bb530 JavaThread "Unconstrained build operations Thread 90" [_thread_blocked, id=75952, stack(0x00000008a9300000,0x00000008a9400000)]
  0x000001b4a75bba40 JavaThread "Unconstrained build operations Thread 91" [_thread_blocked, id=96168, stack(0x00000008a9400000,0x00000008a9500000)]
  0x000001b4a75bbf50 JavaThread "Unconstrained build operations Thread 92" [_thread_blocked, id=98108, stack(0x00000008a9500000,0x00000008a9600000)]
  0x000001b4a75bf700 JavaThread "Unconstrained build operations Thread 93" [_thread_blocked, id=90352, stack(0x00000008a9600000,0x00000008a9700000)]
  0x000001b4a75bc970 JavaThread "Unconstrained build operations Thread 94" [_thread_blocked, id=89192, stack(0x00000008a9700000,0x00000008a9800000)]
  0x000001b4a75bf1f0 JavaThread "Unconstrained build operations Thread 95" [_thread_blocked, id=34572, stack(0x00000008a9800000,0x00000008a9900000)]
  0x000001b4a75bece0 JavaThread "Unconstrained build operations Thread 96" [_thread_blocked, id=82544, stack(0x00000008a9900000,0x00000008a9a00000)]
  0x000001b4a75bab10 JavaThread "Unconstrained build operations Thread 97" [_thread_blocked, id=91508, stack(0x00000008a9a00000,0x00000008a9b00000)]
  0x000001b4a75bfc10 JavaThread "Unconstrained build operations Thread 98" [_thread_blocked, id=85820, stack(0x00000008a9b00000,0x00000008a9c00000)]
  0x000001b4a75c2490 JavaThread "Unconstrained build operations Thread 99" [_thread_blocked, id=99108, stack(0x00000008a9c00000,0x00000008a9d00000)]
  0x000001b4a75bce80 JavaThread "Unconstrained build operations Thread 100" [_thread_blocked, id=96136, stack(0x00000008a9d00000,0x00000008a9e00000)]
  0x000001b4a75c1050 JavaThread "Unconstrained build operations Thread 101" [_thread_blocked, id=34424, stack(0x00000008a9e00000,0x00000008a9f00000)]
  0x000001b4a75c0630 JavaThread "Unconstrained build operations Thread 102" [_thread_blocked, id=92972, stack(0x00000008a9f00000,0x00000008aa000000)]
  0x000001b4a75bb020 JavaThread "Unconstrained build operations Thread 103" [_thread_blocked, id=97532, stack(0x00000008aa000000,0x00000008aa100000)]
  0x000001b4a75c1a70 JavaThread "Unconstrained build operations Thread 104" [_thread_blocked, id=95392, stack(0x00000008aa100000,0x00000008aa200000)]
  0x000001b4a75bd390 JavaThread "Unconstrained build operations Thread 105" [_thread_blocked, id=95840, stack(0x00000008aa200000,0x00000008aa300000)]
  0x000001b4a75bd8a0 JavaThread "Unconstrained build operations Thread 106" [_thread_blocked, id=97992, stack(0x00000008aa300000,0x00000008aa400000)]
  0x000001b4a75bddb0 JavaThread "Unconstrained build operations Thread 107" [_thread_blocked, id=87952, stack(0x00000008aa400000,0x00000008aa500000)]
  0x000001b4a75c1560 JavaThread "Unconstrained build operations Thread 108" [_thread_blocked, id=89444, stack(0x00000008aa500000,0x00000008aa600000)]
  0x000001b4a75be2c0 JavaThread "Unconstrained build operations Thread 109" [_thread_blocked, id=91732, stack(0x00000008aa600000,0x00000008aa700000)]
  0x000001b4a75be7d0 JavaThread "Unconstrained build operations Thread 110" [_thread_blocked, id=88528, stack(0x00000008aa700000,0x00000008aa800000)]
  0x000001b4a648dd90 JavaThread "Unconstrained build operations Thread 111" [_thread_blocked, id=95468, stack(0x00000008aa800000,0x00000008aa900000)]
  0x000001b4a7a54d30 JavaThread "Unconstrained build operations Thread 112" [_thread_blocked, id=97904, stack(0x00000008aa900000,0x00000008aaa00000)]
  0x000001b4a7a529c0 JavaThread "Unconstrained build operations Thread 113" [_thread_blocked, id=96640, stack(0x00000008aaa00000,0x00000008aab00000)]
  0x000001b4a7a55240 JavaThread "Unconstrained build operations Thread 114" [_thread_blocked, id=77960, stack(0x00000008aab00000,0x00000008aac00000)]
  0x000001b4a7a584e0 JavaThread "Unconstrained build operations Thread 115" [_thread_blocked, id=91256, stack(0x00000008aac00000,0x00000008aad00000)]
  0x000001b4a7a51070 JavaThread "Unconstrained build operations Thread 116" [_thread_blocked, id=96452, stack(0x00000008aad00000,0x00000008aae00000)]
  0x000001b4a7a51580 JavaThread "Unconstrained build operations Thread 117" [_thread_blocked, id=93820, stack(0x00000008aae00000,0x00000008aaf00000)]
  0x000001b4a7a56680 JavaThread "Unconstrained build operations Thread 118" [_thread_blocked, id=94156, stack(0x00000008aaf00000,0x00000008ab000000)]
  0x000001b4a7a51fa0 JavaThread "Unconstrained build operations Thread 119" [_thread_blocked, id=93152, stack(0x00000008ab000000,0x00000008ab100000)]
  0x000001b4a7a53e00 JavaThread "Unconstrained build operations Thread 120" [_thread_blocked, id=100224, stack(0x00000008ab100000,0x00000008ab200000)]
  0x000001b4a7a55c60 JavaThread "jar transforms Thread 2" [_thread_blocked, id=93128, stack(0x00000008ab200000,0x00000008ab300000)]
  0x000001b4a7a589f0 JavaThread "Cache worker for Build Output Cleanup Cache (C:\Users\PMLS\AndroidStudioProjects\SafeMum\SafeMum\node_modules\expo-modules-core\expo-module-gradle-plugin\.gradle\buildOutputCleanup)" [_thread_blocked, id=92932, stack(0x000000089f200000,0x000000089f300000)]
  0x000001b4a7a52ed0 JavaThread "Cache worker for Build Output Cleanup Cache (C:\Users\PMLS\AndroidStudioProjects\SafeMum\SafeMum\node_modules\expo-updates\expo-updates-gradle-plugin\.gradle\buildOutputCleanup)" [_thread_blocked, id=95600, stack(0x00000008a4300000,0x00000008a4400000)]
  0x000001b4a7a533e0 JavaThread "build event listener" [_thread_blocked, id=93048, stack(0x00000008ab500000,0x00000008ab600000)]
  0x000001b4a7a575b0 JavaThread "jar transforms Thread 3" [_thread_blocked, id=98452, stack(0x00000008ab600000,0x00000008ab700000)]
  0x000001b4a7a56170 JavaThread "included builds Thread 3" [_thread_blocked, id=70216, stack(0x00000008ab700000,0x00000008ab800000)]
  0x000001b4a7a56b90 JavaThread "Cache worker for execution history cache (C:\Users\PMLS\AndroidStudioProjects\SafeMum\SafeMum\node_modules\expo-modules-core\expo-module-gradle-plugin\.gradle\8.13\executionHistory)" [_thread_blocked, id=96756, stack(0x00000008ab800000,0x00000008ab900000)]
  0x000001b4a7a57ac0 JavaThread "included builds Thread 4" [_thread_blocked, id=97872, stack(0x00000008ab900000,0x00000008aba00000)]
  0x000001b4a857f3e0 JavaThread "Cache worker for execution history cache (C:\Users\PMLS\AndroidStudioProjects\SafeMum\SafeMum\node_modules\expo-updates\expo-updates-gradle-plugin\.gradle\8.13\executionHistory)" [_thread_blocked, id=95044, stack(0x00000008aba00000,0x00000008abb00000)]
  0x000001b4a85830a0 JavaThread "jar transforms Thread 4" [_thread_blocked, id=96596, stack(0x00000008abb00000,0x00000008abc00000)]
  0x000001b4a8580310 JavaThread "Problems report writer" [_thread_blocked, id=92388, stack(0x00000008abc00000,0x00000008abd00000)]
  0x000001b4a85835b0 JavaThread "jar transforms Thread 5" [_thread_blocked, id=69272, stack(0x00000008abd00000,0x00000008abe00000)]
  0x000001b4a8581240 JavaThread "jar transforms Thread 6" [_thread_blocked, id=95280, stack(0x00000008abe00000,0x00000008abf00000)]
  0x000001b4a857e9c0 JavaThread "build event listener" [_thread_blocked, id=94120, stack(0x00000008abf00000,0x00000008ac000000)]
  0x000001b4a85886b0 JavaThread "jar transforms Thread 7" [_thread_blocked, id=100064, stack(0x00000008ac000000,0x00000008ac100000)]
  0x000001b4a8586340 JavaThread "jar transforms Thread 8" [_thread_blocked, id=91432, stack(0x00000008ac100000,0x00000008ac200000)]
  0x000001b4a8585410 JavaThread "jar transforms Thread 9" [_thread_blocked, id=65556, stack(0x00000008ac200000,0x00000008ac300000)]
  0x000001b4a85849f0 JavaThread "jar transforms Thread 10" [_thread_blocked, id=99564, stack(0x00000008ac300000,0x00000008ac400000)]
  0x000001b4a8582680 JavaThread "jar transforms Thread 11" [_thread_blocked, id=99304, stack(0x00000008ac400000,0x00000008ac500000)]
  0x000001b4a85890d0 JavaThread "jar transforms Thread 12" [_thread_blocked, id=89248, stack(0x00000008ac500000,0x00000008ac600000)]
  0x000001b4a8582170 JavaThread "Cache worker for execution history cache (C:\Users\PMLS\AndroidStudioProjects\SafeMum\SafeMum\android\.gradle\8.13\executionHistory)" [_thread_blocked, id=99308, stack(0x00000008acb00000,0x00000008acc00000)]
  0x000001b4a857f8f0 JavaThread "WorkerExecutor Queue" [_thread_blocked, id=90360, stack(0x00000008acc00000,0x00000008acd00000)]
  0x000001b4a858be60 JavaThread "WorkerExecutor Queue Thread 2" [_thread_blocked, id=91720, stack(0x00000008ab300000,0x00000008ab400000)]
  0x000001b4a85881a0 JavaThread "WorkerExecutor Queue Thread 3" [_thread_blocked, id=83352, stack(0x00000008acd00000,0x00000008ace00000)]
  0x000001b4a8588bc0 JavaThread "WorkerExecutor Queue Thread 4" [_thread_blocked, id=96520, stack(0x00000008ace00000,0x00000008acf00000)]
  0x000001b4a44a9120 JavaThread "WorkerExecutor Queue Thread 5" [_thread_blocked, id=95060, stack(0x00000008acf00000,0x00000008ad000000)]
  0x000001b4ff7ba070 JavaThread "WorkerExecutor Queue Thread 6" [_thread_blocked, id=71628, stack(0x00000008ad000000,0x00000008ad100000)]
  0x000001b4a66ea710 JavaThread "WorkerExecutor Queue Thread 7" [_thread_blocked, id=94392, stack(0x00000008ad200000,0x00000008ad300000)]
  0x000001b4a66eac20 JavaThread "WorkerExecutor Queue Thread 8" [_thread_blocked, id=95976, stack(0x00000008ad300000,0x00000008ad400000)]
  0x000001b4a66eb130 JavaThread "WorkerExecutor Queue Thread 9" [_thread_blocked, id=99884, stack(0x00000008ad400000,0x00000008ad500000)]
  0x000001b4a66e6f60 JavaThread "WorkerExecutor Queue Thread 10" [_thread_blocked, id=91308, stack(0x00000008ad500000,0x00000008ad600000)]
  0x000001b4a66e7470 JavaThread "WorkerExecutor Queue Thread 11" [_thread_blocked, id=65780, stack(0x00000008ad600000,0x00000008ad700000)]
  0x000001b4a66e6a50 JavaThread "WorkerExecutor Queue Thread 12" [_thread_blocked, id=99992, stack(0x00000008ad100000,0x00000008ad200000)]
  0x000001b4ff41ac10 JavaThread "C2 CompilerThread1" daemon [_thread_blocked, id=98924, stack(0x00000008ad700000,0x00000008ad800000)]

Other Threads:
=>0x000001b4fee8e2d0 VMThread "VM Thread" [stack: 0x000000089e700000,0x000000089e800000] [id=98020]
  0x000001b4ff160290 WatcherThread [stack: 0x000000089f400000,0x000000089f500000] [id=99636]
  0x000001b4dfc64a80 GCTaskThread "GC Thread#0" [stack: 0x000000089e200000,0x000000089e300000] [id=95368]
  0x000001b4ff4f1f00 GCTaskThread "GC Thread#1" [stack: 0x000000089f600000,0x000000089f700000] [id=97728]
  0x000001b4ff35c050 GCTaskThread "GC Thread#2" [stack: 0x000000089f700000,0x000000089f800000] [id=93744]
  0x000001b4ff490e30 GCTaskThread "GC Thread#3" [stack: 0x000000089f800000,0x000000089f900000] [id=99340]
  0x000001b4ff598100 GCTaskThread "GC Thread#4" [stack: 0x000000089f900000,0x000000089fa00000] [id=97336]
  0x000001b4ff4c5700 GCTaskThread "GC Thread#5" [stack: 0x000000089fa00000,0x000000089fb00000] [id=92248]
  0x000001b4a706a5a0 GCTaskThread "GC Thread#6" [stack: 0x00000008a0a00000,0x00000008a0b00000] [id=97116]
  0x000001b4a706a860 GCTaskThread "GC Thread#7" [stack: 0x00000008a0b00000,0x00000008a0c00000] [id=95808]
  0x000001b4a706ab20 GCTaskThread "GC Thread#8" [stack: 0x00000008a0c00000,0x00000008a0d00000] [id=68128]
  0x000001b4a706ade0 GCTaskThread "GC Thread#9" [stack: 0x00000008a0d00000,0x00000008a0e00000] [id=99772]
  0x000001b4dfc77900 ConcurrentGCThread "G1 Main Marker" [stack: 0x000000089e300000,0x000000089e400000] [id=91004]
  0x000001b4dfc78220 ConcurrentGCThread "G1 Conc#0" [stack: 0x000000089e400000,0x000000089e500000] [id=95064]
  0x000001b4a706b0a0 ConcurrentGCThread "G1 Conc#1" [stack: 0x00000008a0e00000,0x00000008a0f00000] [id=99916]
  0x000001b4a706b360 ConcurrentGCThread "G1 Conc#2" [stack: 0x00000008a0f00000,0x00000008a1000000] [id=65608]
  0x000001b4fed48ca0 ConcurrentGCThread "G1 Refine#0" [stack: 0x000000089e500000,0x000000089e600000] [id=91968]
  0x000001b4a4f3f350 ConcurrentGCThread "G1 Refine#1" [stack: 0x00000008a1200000,0x00000008a1300000] [id=99548]
  0x000001b4a3986b10 ConcurrentGCThread "G1 Refine#2" [stack: 0x00000008ac600000,0x00000008ac700000] [id=94480]
  0x000001b4a3988b60 ConcurrentGCThread "G1 Refine#3" [stack: 0x00000008ac700000,0x00000008ac800000] [id=95448]
  0x000001b4a3986240 ConcurrentGCThread "G1 Refine#4" [stack: 0x00000008ac800000,0x00000008ac900000] [id=100008]
  0x000001b4a3987fa0 ConcurrentGCThread "G1 Refine#5" [stack: 0x00000008ac900000,0x00000008aca00000] [id=92364]
  0x000001b4fed494e0 ConcurrentGCThread "G1 Service" [stack: 0x000000089e600000,0x000000089e700000] [id=93240]

Threads with active compile tasks:
C2 CompilerThread0    48668 23865       4       org.gradle.internal.execution.steps.IdentityCacheStep::executeInCache (45 bytes)
C2 CompilerThread1    48668 23900   !   4       java.nio.file.FileTreeWalker::visit (204 bytes)

VM state: at safepoint (normal execution)

VM Mutex/Monitor currently owned by a thread:  ([mutex/lock_event])
[0x000001b4dfbf4720] Threads_lock - owner thread: 0x000001b4fee8e2d0
[0x000001b4dfbf3ac0] Heap_lock - owner thread: 0x000001b4a44a77d0

Heap address: 0x0000000700000000, size: 4096 MB, Compressed Oops mode: Zero based, Oop shift amount: 3

CDS archive(s) mapped at: [0x000001b484000000-0x000001b484bd0000-0x000001b484bd0000), size 12386304, SharedBaseAddress: 0x000001b484000000, ArchiveRelocationMode: 1.
Compressed class space mapped at: 0x000001b485000000-0x000001b49f000000, reserved size: 436207616
Narrow klass base: 0x000001b484000000, Narrow klass shift: 0, Narrow klass range: 0x100000000

GC Precious Log:
 CPUs: 12 total, 12 available
 Memory: 16108M
 Large Page Support: Disabled
 NUMA Support: Disabled
 Compressed Oops: Enabled (Zero based)
 Heap Region Size: 2M
 Heap Min Capacity: 8M
 Heap Initial Capacity: 252M
 Heap Max Capacity: 4G
 Pre-touch: Disabled
 Parallel Workers: 10
 Concurrent Workers: 3
 Concurrent Refinement Workers: 10
 Periodic GC: Disabled

Heap:
 garbage-first heap   total 659456K, used 491445K [0x0000000700000000, 0x0000000800000000)
  region size 2048K, 4 young (8192K), 4 survivors (8192K)
 Metaspace       used 141237K, committed 144000K, reserved 557056K
  class space    used 19547K, committed 20800K, reserved 425984K

Heap Regions: E=young(eden), S=young(survivor), O=old, HS=humongous(starts), HC=humongous(continues), CS=collection set, F=free, OA=open archive, CA=closed archive, TAMS=top-at-mark-start (previous, next)
|   0|0x0000000700000000, 0x0000000700200000, 0x0000000700200000|100%|HS|  |TAMS 0x0000000700200000, 0x0000000700000000| Complete 
|   1|0x0000000700200000, 0x0000000700400000, 0x0000000700400000|100%|HC|  |TAMS 0x0000000700400000, 0x0000000700200000| Complete 
|   2|0x0000000700400000, 0x0000000700600000, 0x0000000700600000|100%| O|  |TAMS 0x0000000700600000, 0x0000000700400000| Untracked 
|   3|0x0000000700600000, 0x0000000700800000, 0x0000000700800000|100%| O|  |TAMS 0x0000000700800000, 0x0000000700600000| Untracked 
|   4|0x0000000700800000, 0x0000000700a00000, 0x0000000700a00000|100%| O|  |TAMS 0x0000000700a00000, 0x0000000700800000| Untracked 
|   5|0x0000000700a00000, 0x0000000700c00000, 0x0000000700c00000|100%| O|  |TAMS 0x0000000700c00000, 0x0000000700a00000| Untracked 
|   6|0x0000000700c00000, 0x0000000700e00000, 0x0000000700e00000|100%| O|  |TAMS 0x0000000700e00000, 0x0000000700c00000| Untracked 
|   7|0x0000000700e00000, 0x0000000701000000, 0x0000000701000000|100%| O|  |TAMS 0x0000000701000000, 0x0000000700e00000| Untracked 
|   8|0x0000000701000000, 0x0000000701200000, 0x0000000701200000|100%| O|  |TAMS 0x0000000701200000, 0x0000000701000000| Untracked 
|   9|0x0000000701200000, 0x0000000701400000, 0x0000000701400000|100%| O|  |TAMS 0x0000000701400000, 0x0000000701200000| Untracked 
|  10|0x0000000701400000, 0x0000000701600000, 0x0000000701600000|100%| O|  |TAMS 0x0000000701600000, 0x0000000701400000| Untracked 
|  11|0x0000000701600000, 0x0000000701800000, 0x0000000701800000|100%| O|  |TAMS 0x0000000701800000, 0x0000000701600000| Untracked 
|  12|0x0000000701800000, 0x0000000701a00000, 0x0000000701a00000|100%| O|  |TAMS 0x0000000701a00000, 0x0000000701800000| Untracked 
|  13|0x0000000701a00000, 0x0000000701c00000, 0x0000000701c00000|100%| O|  |TAMS 0x0000000701c00000, 0x0000000701a00000| Untracked 
|  14|0x0000000701c00000, 0x0000000701e00000, 0x0000000701e00000|100%| O|  |TAMS 0x0000000701e00000, 0x0000000701c00000| Untracked 
|  15|0x0000000701e00000, 0x0000000702000000, 0x0000000702000000|100%| O|  |TAMS 0x0000000702000000, 0x0000000701e00000| Untracked 
|  16|0x0000000702000000, 0x0000000702200000, 0x0000000702200000|100%| O|  |TAMS 0x0000000702200000, 0x0000000702000000| Untracked 
|  17|0x0000000702200000, 0x0000000702400000, 0x0000000702400000|100%| O|  |TAMS 0x0000000702400000, 0x0000000702200000| Untracked 
|  18|0x0000000702400000, 0x0000000702600000, 0x0000000702600000|100%|HS|  |TAMS 0x0000000702600000, 0x0000000702400000| Complete 
|  19|0x0000000702600000, 0x0000000702800000, 0x0000000702800000|100%|HS|  |TAMS 0x0000000702800000, 0x0000000702600000| Complete 
|  20|0x0000000702800000, 0x0000000702a00000, 0x0000000702a00000|100%|HC|  |TAMS 0x0000000702a00000, 0x0000000702800000| Complete 
|  21|0x0000000702a00000, 0x0000000702c00000, 0x0000000702c00000|100%|HS|  |TAMS 0x0000000702c00000, 0x0000000702a00000| Complete 
|  22|0x0000000702c00000, 0x0000000702e00000, 0x0000000702e00000|100%| O|  |TAMS 0x0000000702e00000, 0x0000000702c00000| Untracked 
|  23|0x0000000702e00000, 0x0000000703000000, 0x0000000703000000|100%| O|  |TAMS 0x0000000703000000, 0x0000000702e00000| Untracked 
|  24|0x0000000703000000, 0x0000000703200000, 0x0000000703200000|100%| O|  |TAMS 0x0000000703200000, 0x0000000703000000| Untracked 
|  25|0x0000000703200000, 0x0000000703400000, 0x0000000703400000|100%|HS|  |TAMS 0x0000000703400000, 0x0000000703200000| Complete 
|  26|0x0000000703400000, 0x0000000703600000, 0x0000000703600000|100%|HC|  |TAMS 0x0000000703600000, 0x0000000703400000| Complete 
|  27|0x0000000703600000, 0x0000000703800000, 0x0000000703800000|100%|HS|  |TAMS 0x0000000703800000, 0x0000000703600000| Complete 
|  28|0x0000000703800000, 0x0000000703a00000, 0x0000000703a00000|100%| O|  |TAMS 0x0000000703a00000, 0x0000000703800000| Untracked 
|  29|0x0000000703a00000, 0x0000000703c00000, 0x0000000703c00000|100%| O|  |TAMS 0x0000000703a00000, 0x0000000703a00000| Untracked 
|  30|0x0000000703c00000, 0x0000000703e00000, 0x0000000703e00000|100%|HS|  |TAMS 0x0000000703e00000, 0x0000000703c00000| Complete 
|  31|0x0000000703e00000, 0x0000000704000000, 0x0000000704000000|100%|HS|  |TAMS 0x0000000704000000, 0x0000000703e00000| Complete 
|  32|0x0000000704000000, 0x0000000704200000, 0x0000000704200000|100%|HC|  |TAMS 0x0000000704200000, 0x0000000704000000| Complete 
|  33|0x0000000704200000, 0x0000000704400000, 0x0000000704400000|100%|HS|  |TAMS 0x0000000704400000, 0x0000000704200000| Complete 
|  34|0x0000000704400000, 0x0000000704600000, 0x0000000704600000|100%|HC|  |TAMS 0x0000000704600000, 0x0000000704400000| Complete 
|  35|0x0000000704600000, 0x0000000704800000, 0x0000000704800000|100%| O|  |TAMS 0x0000000704800000, 0x0000000704600000| Untracked 
|  36|0x0000000704800000, 0x0000000704a00000, 0x0000000704a00000|100%| O|  |TAMS 0x0000000704a00000, 0x0000000704800000| Untracked 
|  37|0x0000000704a00000, 0x0000000704c00000, 0x0000000704c00000|100%| O|  |TAMS 0x0000000704c00000, 0x0000000704a00000| Untracked 
|  38|0x0000000704c00000, 0x0000000704e00000, 0x0000000704e00000|100%| O|  |TAMS 0x0000000704e00000, 0x0000000704c00000| Untracked 
|  39|0x0000000704e00000, 0x0000000705000000, 0x0000000705000000|100%| O|  |TAMS 0x0000000705000000, 0x0000000704e00000| Untracked 
|  40|0x0000000705000000, 0x0000000705200000, 0x0000000705200000|100%| O|  |TAMS 0x0000000705200000, 0x0000000705000000| Untracked 
|  41|0x0000000705200000, 0x0000000705400000, 0x0000000705400000|100%| O|  |TAMS 0x0000000705400000, 0x0000000705200000| Untracked 
|  42|0x0000000705400000, 0x0000000705600000, 0x0000000705600000|100%| O|  |TAMS 0x0000000705600000, 0x0000000705400000| Untracked 
|  43|0x0000000705600000, 0x0000000705800000, 0x0000000705800000|100%| O|  |TAMS 0x0000000705800000, 0x0000000705600000| Untracked 
|  44|0x0000000705800000, 0x0000000705a00000, 0x0000000705a00000|100%| O|  |TAMS 0x0000000705a00000, 0x0000000705800000| Untracked 
|  45|0x0000000705a00000, 0x0000000705c00000, 0x0000000705c00000|100%| O|  |TAMS 0x0000000705c00000, 0x0000000705a00000| Untracked 
|  46|0x0000000705c00000, 0x0000000705e00000, 0x0000000705e00000|100%| O|  |TAMS 0x0000000705e00000, 0x0000000705c00000| Untracked 
|  47|0x0000000705e00000, 0x0000000706000000, 0x0000000706000000|100%| O|  |TAMS 0x0000000706000000, 0x0000000705e00000| Untracked 
|  48|0x0000000706000000, 0x0000000706200000, 0x0000000706200000|100%| O|  |TAMS 0x0000000706200000, 0x0000000706000000| Untracked 
|  49|0x0000000706200000, 0x0000000706400000, 0x0000000706400000|100%| O|  |TAMS 0x0000000706400000, 0x0000000706200000| Untracked 
|  50|0x0000000706400000, 0x0000000706600000, 0x0000000706600000|100%| O|  |TAMS 0x0000000706600000, 0x0000000706400000| Untracked 
|  51|0x0000000706600000, 0x0000000706800000, 0x0000000706800000|100%| O|  |TAMS 0x0000000706800000, 0x0000000706600000| Untracked 
|  52|0x0000000706800000, 0x0000000706a00000, 0x0000000706a00000|100%| O|  |TAMS 0x0000000706800000, 0x0000000706800000| Untracked 
|  53|0x0000000706a00000, 0x0000000706c00000, 0x0000000706c00000|100%| O|  |TAMS 0x0000000706abe800, 0x0000000706a00000| Untracked 
|  54|0x0000000706c00000, 0x0000000706e00000, 0x0000000706e00000|100%| O|  |TAMS 0x0000000706c00000, 0x0000000706c00000| Untracked 
|  55|0x0000000706e00000, 0x0000000707000000, 0x0000000707000000|100%| O|  |TAMS 0x0000000706e00000, 0x0000000706e00000| Untracked 
|  56|0x0000000707000000, 0x0000000707200000, 0x0000000707200000|100%| O|  |TAMS 0x0000000707000000, 0x0000000707000000| Untracked 
|  57|0x0000000707200000, 0x0000000707400000, 0x0000000707400000|100%| O|  |TAMS 0x0000000707200000, 0x0000000707200000| Untracked 
|  58|0x0000000707400000, 0x0000000707600000, 0x0000000707600000|100%| O|  |TAMS 0x0000000707400000, 0x0000000707400000| Untracked 
|  59|0x0000000707600000, 0x0000000707800000, 0x0000000707800000|100%|HS|  |TAMS 0x0000000707600000, 0x0000000707600000| Complete 
|  60|0x0000000707800000, 0x0000000707a00000, 0x0000000707a00000|100%| O|  |TAMS 0x0000000707800000, 0x0000000707800000| Untracked 
|  61|0x0000000707a00000, 0x0000000707c00000, 0x0000000707c00000|100%| O|  |TAMS 0x0000000707a00000, 0x0000000707a00000| Untracked 
|  62|0x0000000707c00000, 0x0000000707e00000, 0x0000000707e00000|100%| O|  |TAMS 0x0000000707c00000, 0x0000000707c00000| Untracked 
|  63|0x0000000707e00000, 0x0000000708000000, 0x0000000708000000|100%| O|  |TAMS 0x0000000707e00000, 0x0000000707e00000| Untracked 
|  64|0x0000000708000000, 0x0000000708200000, 0x0000000708200000|100%| O|  |TAMS 0x0000000708000000, 0x0000000708000000| Untracked 
|  65|0x0000000708200000, 0x0000000708400000, 0x0000000708400000|100%| O|  |TAMS 0x0000000708200000, 0x0000000708200000| Untracked 
|  66|0x0000000708400000, 0x0000000708600000, 0x0000000708600000|100%| O|  |TAMS 0x0000000708400000, 0x0000000708400000| Untracked 
|  67|0x0000000708600000, 0x0000000708800000, 0x0000000708800000|100%| O|  |TAMS 0x0000000708600000, 0x0000000708600000| Untracked 
|  68|0x0000000708800000, 0x0000000708a00000, 0x0000000708a00000|100%| O|  |TAMS 0x0000000708800000, 0x0000000708800000| Untracked 
|  69|0x0000000708a00000, 0x0000000708c00000, 0x0000000708c00000|100%| O|  |TAMS 0x0000000708a00000, 0x0000000708a00000| Untracked 
|  70|0x0000000708c00000, 0x0000000708e00000, 0x0000000708e00000|100%| O|  |TAMS 0x0000000708c00000, 0x0000000708c00000| Untracked 
|  71|0x0000000708e00000, 0x0000000709000000, 0x0000000709000000|100%| O|  |TAMS 0x0000000708e00000, 0x0000000708e00000| Untracked 
|  72|0x0000000709000000, 0x0000000709200000, 0x0000000709200000|100%| O|  |TAMS 0x0000000709000000, 0x0000000709000000| Untracked 
|  73|0x0000000709200000, 0x0000000709400000, 0x0000000709400000|100%| O|  |TAMS 0x0000000709200000, 0x0000000709200000| Untracked 
|  74|0x0000000709400000, 0x0000000709600000, 0x0000000709600000|100%| O|  |TAMS 0x0000000709400000, 0x0000000709400000| Untracked 
|  75|0x0000000709600000, 0x0000000709800000, 0x0000000709800000|100%| O|  |TAMS 0x0000000709600000, 0x0000000709600000| Untracked 
|  76|0x0000000709800000, 0x0000000709a00000, 0x0000000709a00000|100%| O|  |TAMS 0x0000000709800000, 0x0000000709800000| Untracked 
|  77|0x0000000709a00000, 0x0000000709c00000, 0x0000000709c00000|100%| O|  |TAMS 0x0000000709a00000, 0x0000000709a00000| Untracked 
|  78|0x0000000709c00000, 0x0000000709e00000, 0x0000000709e00000|100%| O|  |TAMS 0x0000000709c00000, 0x0000000709c00000| Untracked 
|  79|0x0000000709e00000, 0x000000070a000000, 0x000000070a000000|100%| O|  |TAMS 0x0000000709e00000, 0x0000000709e00000| Untracked 
|  80|0x000000070a000000, 0x000000070a200000, 0x000000070a200000|100%| O|  |TAMS 0x000000070a000000, 0x000000070a000000| Untracked 
|  81|0x000000070a200000, 0x000000070a400000, 0x000000070a400000|100%| O|  |TAMS 0x000000070a200000, 0x000000070a200000| Untracked 
|  82|0x000000070a400000, 0x000000070a600000, 0x000000070a600000|100%| O|  |TAMS 0x000000070a400000, 0x000000070a400000| Untracked 
|  83|0x000000070a600000, 0x000000070a800000, 0x000000070a800000|100%| O|  |TAMS 0x000000070a600000, 0x000000070a600000| Untracked 
|  84|0x000000070a800000, 0x000000070aa00000, 0x000000070aa00000|100%| O|  |TAMS 0x000000070a800000, 0x000000070a800000| Untracked 
|  85|0x000000070aa00000, 0x000000070ac00000, 0x000000070ac00000|100%| O|  |TAMS 0x000000070aa00000, 0x000000070aa00000| Untracked 
|  86|0x000000070ac00000, 0x000000070ae00000, 0x000000070ae00000|100%| O|  |TAMS 0x000000070ac00000, 0x000000070ac00000| Untracked 
|  87|0x000000070ae00000, 0x000000070b000000, 0x000000070b000000|100%| O|  |TAMS 0x000000070ae00000, 0x000000070ae00000| Untracked 
|  88|0x000000070b000000, 0x000000070b200000, 0x000000070b200000|100%| O|  |TAMS 0x000000070b000000, 0x000000070b000000| Untracked 
|  89|0x000000070b200000, 0x000000070b400000, 0x000000070b400000|100%| O|  |TAMS 0x000000070b200000, 0x000000070b200000| Untracked 
|  90|0x000000070b400000, 0x000000070b600000, 0x000000070b600000|100%|HS|  |TAMS 0x000000070b400000, 0x000000070b400000| Complete 
|  91|0x000000070b600000, 0x000000070b800000, 0x000000070b800000|100%| O|  |TAMS 0x000000070b600000, 0x000000070b600000| Untracked 
|  92|0x000000070b800000, 0x000000070ba00000, 0x000000070ba00000|100%| O|  |TAMS 0x000000070b800000, 0x000000070b800000| Untracked 
|  93|0x000000070ba00000, 0x000000070bc00000, 0x000000070bc00000|100%| O|  |TAMS 0x000000070ba00000, 0x000000070ba00000| Untracked 
|  94|0x000000070bc00000, 0x000000070be00000, 0x000000070be00000|100%| O|  |TAMS 0x000000070bc00000, 0x000000070bc00000| Untracked 
|  95|0x000000070be00000, 0x000000070c000000, 0x000000070c000000|100%| O|  |TAMS 0x000000070be00000, 0x000000070be00000| Untracked 
|  96|0x000000070c000000, 0x000000070c200000, 0x000000070c200000|100%| O|  |TAMS 0x000000070c000000, 0x000000070c000000| Untracked 
|  97|0x000000070c200000, 0x000000070c400000, 0x000000070c400000|100%| O|  |TAMS 0x000000070c200000, 0x000000070c200000| Untracked 
|  98|0x000000070c400000, 0x000000070c600000, 0x000000070c600000|100%| O|  |TAMS 0x000000070c400000, 0x000000070c400000| Untracked 
|  99|0x000000070c600000, 0x000000070c800000, 0x000000070c800000|100%| O|  |TAMS 0x000000070c600000, 0x000000070c600000| Untracked 
| 100|0x000000070c800000, 0x000000070ca00000, 0x000000070ca00000|100%| O|  |TAMS 0x000000070c800000, 0x000000070c800000| Untracked 
| 101|0x000000070ca00000, 0x000000070cc00000, 0x000000070cc00000|100%| O|  |TAMS 0x000000070ca00000, 0x000000070ca00000| Untracked 
| 102|0x000000070cc00000, 0x000000070ce00000, 0x000000070ce00000|100%| O|  |TAMS 0x000000070cc00000, 0x000000070cc00000| Untracked 
| 103|0x000000070ce00000, 0x000000070d000000, 0x000000070d000000|100%| O|  |TAMS 0x000000070ce00000, 0x000000070ce00000| Untracked 
| 104|0x000000070d000000, 0x000000070d200000, 0x000000070d200000|100%| O|  |TAMS 0x000000070d000000, 0x000000070d000000| Untracked 
| 105|0x000000070d200000, 0x000000070d400000, 0x000000070d400000|100%| O|  |TAMS 0x000000070d200000, 0x000000070d200000| Untracked 
| 106|0x000000070d400000, 0x000000070d600000, 0x000000070d600000|100%| O|  |TAMS 0x000000070d400000, 0x000000070d400000| Untracked 
| 107|0x000000070d600000, 0x000000070d800000, 0x000000070d800000|100%| O|  |TAMS 0x000000070d600000, 0x000000070d600000| Untracked 
| 108|0x000000070d800000, 0x000000070da00000, 0x000000070da00000|100%| O|  |TAMS 0x000000070d800000, 0x000000070d800000| Untracked 
| 109|0x000000070da00000, 0x000000070dc00000, 0x000000070dc00000|100%| O|  |TAMS 0x000000070da00000, 0x000000070da00000| Untracked 
| 110|0x000000070dc00000, 0x000000070de00000, 0x000000070de00000|100%| O|  |TAMS 0x000000070dc00000, 0x000000070dc00000| Untracked 
| 111|0x000000070de00000, 0x000000070e000000, 0x000000070e000000|100%| O|  |TAMS 0x000000070de00000, 0x000000070de00000| Untracked 
| 112|0x000000070e000000, 0x000000070e200000, 0x000000070e200000|100%| O|  |TAMS 0x000000070e000000, 0x000000070e000000| Untracked 
| 113|0x000000070e200000, 0x000000070e400000, 0x000000070e400000|100%| O|  |TAMS 0x000000070e200000, 0x000000070e200000| Untracked 
| 114|0x000000070e400000, 0x000000070e600000, 0x000000070e600000|100%| O|  |TAMS 0x000000070e400000, 0x000000070e400000| Untracked 
| 115|0x000000070e600000, 0x000000070e800000, 0x000000070e800000|100%| O|  |TAMS 0x000000070e600000, 0x000000070e600000| Untracked 
| 116|0x000000070e800000, 0x000000070ea00000, 0x000000070ea00000|100%| O|  |TAMS 0x000000070e800000, 0x000000070e800000| Untracked 
| 117|0x000000070ea00000, 0x000000070ec00000, 0x000000070ec00000|100%| O|  |TAMS 0x000000070ea00000, 0x000000070ea00000| Untracked 
| 118|0x000000070ec00000, 0x000000070ee00000, 0x000000070ee00000|100%| O|  |TAMS 0x000000070ec00000, 0x000000070ec00000| Untracked 
| 119|0x000000070ee00000, 0x000000070f000000, 0x000000070f000000|100%| O|  |TAMS 0x000000070ee00000, 0x000000070ee00000| Untracked 
| 120|0x000000070f000000, 0x000000070f200000, 0x000000070f200000|100%| O|  |TAMS 0x000000070f000000, 0x000000070f000000| Untracked 
| 121|0x000000070f200000, 0x000000070f400000, 0x000000070f400000|100%| O|  |TAMS 0x000000070f200000, 0x000000070f200000| Untracked 
| 122|0x000000070f400000, 0x000000070f600000, 0x000000070f600000|100%| O|  |TAMS 0x000000070f400000, 0x000000070f400000| Untracked 
| 123|0x000000070f600000, 0x000000070f800000, 0x000000070f800000|100%| O|  |TAMS 0x000000070f600000, 0x000000070f600000| Untracked 
| 124|0x000000070f800000, 0x000000070fa00000, 0x000000070fa00000|100%| O|  |TAMS 0x000000070f800000, 0x000000070f800000| Untracked 
| 125|0x000000070fa00000, 0x000000070fc00000, 0x000000070fc00000|100%| O|  |TAMS 0x000000070fa00000, 0x000000070fa00000| Untracked 
| 126|0x000000070fc00000, 0x000000070fe00000, 0x000000070fe00000|100%| O|  |TAMS 0x000000070fc00000, 0x000000070fc00000| Untracked 
| 127|0x000000070fe00000, 0x0000000710000000, 0x0000000710000000|100%| O|  |TAMS 0x000000070fe00000, 0x000000070fe00000| Untracked 
| 128|0x0000000710000000, 0x0000000710200000, 0x0000000710200000|100%| O|  |TAMS 0x0000000710000000, 0x0000000710000000| Untracked 
| 129|0x0000000710200000, 0x0000000710400000, 0x0000000710400000|100%| O|  |TAMS 0x0000000710200000, 0x0000000710200000| Untracked 
| 130|0x0000000710400000, 0x0000000710600000, 0x0000000710600000|100%| O|  |TAMS 0x0000000710400000, 0x0000000710400000| Untracked 
| 131|0x0000000710600000, 0x0000000710800000, 0x0000000710800000|100%| O|  |TAMS 0x0000000710600000, 0x0000000710600000| Untracked 
| 132|0x0000000710800000, 0x0000000710a00000, 0x0000000710a00000|100%| O|  |TAMS 0x0000000710800000, 0x0000000710800000| Untracked 
| 133|0x0000000710a00000, 0x0000000710c00000, 0x0000000710c00000|100%| O|  |TAMS 0x0000000710a00000, 0x0000000710a00000| Untracked 
| 134|0x0000000710c00000, 0x0000000710e00000, 0x0000000710e00000|100%| O|  |TAMS 0x0000000710c00000, 0x0000000710c00000| Untracked 
| 135|0x0000000710e00000, 0x0000000711000000, 0x0000000711000000|100%| O|  |TAMS 0x0000000710e00000, 0x0000000710e00000| Untracked 
| 136|0x0000000711000000, 0x0000000711200000, 0x0000000711200000|100%| O|  |TAMS 0x0000000711000000, 0x0000000711000000| Untracked 
| 137|0x0000000711200000, 0x0000000711400000, 0x0000000711400000|100%| O|  |TAMS 0x0000000711200000, 0x0000000711200000| Untracked 
| 138|0x0000000711400000, 0x0000000711600000, 0x0000000711600000|100%| O|  |TAMS 0x0000000711400000, 0x0000000711400000| Untracked 
| 139|0x0000000711600000, 0x0000000711800000, 0x0000000711800000|100%| O|  |TAMS 0x0000000711600000, 0x0000000711600000| Untracked 
| 140|0x0000000711800000, 0x0000000711a00000, 0x0000000711a00000|100%| O|  |TAMS 0x0000000711800000, 0x0000000711800000| Untracked 
| 141|0x0000000711a00000, 0x0000000711c00000, 0x0000000711c00000|100%| O|  |TAMS 0x0000000711a00000, 0x0000000711a00000| Untracked 
| 142|0x0000000711c00000, 0x0000000711e00000, 0x0000000711e00000|100%| O|  |TAMS 0x0000000711c00000, 0x0000000711c00000| Untracked 
| 143|0x0000000711e00000, 0x0000000712000000, 0x0000000712000000|100%| O|  |TAMS 0x0000000711e00000, 0x0000000711e00000| Untracked 
| 144|0x0000000712000000, 0x0000000712200000, 0x0000000712200000|100%| O|  |TAMS 0x0000000712000000, 0x0000000712000000| Untracked 
| 145|0x0000000712200000, 0x0000000712400000, 0x0000000712400000|100%| O|  |TAMS 0x0000000712200000, 0x0000000712200000| Untracked 
| 146|0x0000000712400000, 0x0000000712600000, 0x0000000712600000|100%| O|  |TAMS 0x0000000712400000, 0x0000000712400000| Untracked 
| 147|0x0000000712600000, 0x0000000712800000, 0x0000000712800000|100%| O|  |TAMS 0x0000000712600000, 0x0000000712600000| Untracked 
| 148|0x0000000712800000, 0x0000000712a00000, 0x0000000712a00000|100%| O|  |TAMS 0x0000000712800000, 0x0000000712800000| Untracked 
| 149|0x0000000712a00000, 0x0000000712c00000, 0x0000000712c00000|100%| O|  |TAMS 0x0000000712a00000, 0x0000000712a00000| Untracked 
| 150|0x0000000712c00000, 0x0000000712e00000, 0x0000000712e00000|100%| O|  |TAMS 0x0000000712c00000, 0x0000000712c00000| Untracked 
| 151|0x0000000712e00000, 0x0000000713000000, 0x0000000713000000|100%| O|  |TAMS 0x0000000712e00000, 0x0000000712e00000| Untracked 
| 152|0x0000000713000000, 0x0000000713200000, 0x0000000713200000|100%| O|  |TAMS 0x0000000713000000, 0x0000000713000000| Untracked 
| 153|0x0000000713200000, 0x0000000713400000, 0x0000000713400000|100%| O|  |TAMS 0x0000000713200000, 0x0000000713200000| Untracked 
| 154|0x0000000713400000, 0x0000000713600000, 0x0000000713600000|100%| O|  |TAMS 0x0000000713400000, 0x0000000713400000| Untracked 
| 155|0x0000000713600000, 0x0000000713800000, 0x0000000713800000|100%| O|  |TAMS 0x0000000713600000, 0x0000000713600000| Untracked 
| 156|0x0000000713800000, 0x0000000713a00000, 0x0000000713a00000|100%| O|  |TAMS 0x0000000713800000, 0x0000000713800000| Untracked 
| 157|0x0000000713a00000, 0x0000000713c00000, 0x0000000713c00000|100%| O|  |TAMS 0x0000000713a00000, 0x0000000713a00000| Untracked 
| 158|0x0000000713c00000, 0x0000000713e00000, 0x0000000713e00000|100%| O|  |TAMS 0x0000000713c00000, 0x0000000713c00000| Untracked 
| 159|0x0000000713e00000, 0x0000000714000000, 0x0000000714000000|100%| O|  |TAMS 0x0000000713e00000, 0x0000000713e00000| Untracked 
| 160|0x0000000714000000, 0x0000000714200000, 0x0000000714200000|100%| O|  |TAMS 0x0000000714000000, 0x0000000714000000| Untracked 
| 161|0x0000000714200000, 0x0000000714400000, 0x0000000714400000|100%| O|  |TAMS 0x0000000714200000, 0x0000000714200000| Untracked 
| 162|0x0000000714400000, 0x0000000714600000, 0x0000000714600000|100%| O|  |TAMS 0x0000000714400000, 0x0000000714400000| Untracked 
| 163|0x0000000714600000, 0x0000000714800000, 0x0000000714800000|100%| O|  |TAMS 0x0000000714600000, 0x0000000714600000| Untracked 
| 164|0x0000000714800000, 0x0000000714a00000, 0x0000000714a00000|100%| O|  |TAMS 0x0000000714800000, 0x0000000714800000| Untracked 
| 165|0x0000000714a00000, 0x0000000714c00000, 0x0000000714c00000|100%| O|  |TAMS 0x0000000714a00000, 0x0000000714a00000| Untracked 
| 166|0x0000000714c00000, 0x0000000714e00000, 0x0000000714e00000|100%| O|  |TAMS 0x0000000714c00000, 0x0000000714c00000| Untracked 
| 167|0x0000000714e00000, 0x0000000715000000, 0x0000000715000000|100%| O|  |TAMS 0x0000000714e00000, 0x0000000714e00000| Untracked 
| 168|0x0000000715000000, 0x0000000715200000, 0x0000000715200000|100%| O|  |TAMS 0x0000000715000000, 0x0000000715000000| Untracked 
| 169|0x0000000715200000, 0x0000000715400000, 0x0000000715400000|100%| O|  |TAMS 0x0000000715200000, 0x0000000715200000| Untracked 
| 170|0x0000000715400000, 0x0000000715600000, 0x0000000715600000|100%| O|  |TAMS 0x0000000715400000, 0x0000000715400000| Untracked 
| 171|0x0000000715600000, 0x0000000715800000, 0x0000000715800000|100%| O|  |TAMS 0x0000000715600000, 0x0000000715600000| Untracked 
| 172|0x0000000715800000, 0x0000000715a00000, 0x0000000715a00000|100%| O|  |TAMS 0x0000000715800000, 0x0000000715800000| Untracked 
| 173|0x0000000715a00000, 0x0000000715c00000, 0x0000000715c00000|100%| O|  |TAMS 0x0000000715a00000, 0x0000000715a00000| Untracked 
| 174|0x0000000715c00000, 0x0000000715e00000, 0x0000000715e00000|100%| O|  |TAMS 0x0000000715c00000, 0x0000000715c00000| Untracked 
| 175|0x0000000715e00000, 0x0000000716000000, 0x0000000716000000|100%| O|  |TAMS 0x0000000715e00000, 0x0000000715e00000| Untracked 
| 176|0x0000000716000000, 0x0000000716200000, 0x0000000716200000|100%| O|  |TAMS 0x0000000716000000, 0x0000000716000000| Untracked 
| 177|0x0000000716200000, 0x0000000716400000, 0x0000000716400000|100%| O|  |TAMS 0x0000000716200000, 0x0000000716200000| Untracked 
| 178|0x0000000716400000, 0x0000000716600000, 0x0000000716600000|100%| O|  |TAMS 0x0000000716400000, 0x0000000716400000| Untracked 
| 179|0x0000000716600000, 0x0000000716800000, 0x0000000716800000|100%| O|  |TAMS 0x0000000716600000, 0x0000000716600000| Untracked 
| 180|0x0000000716800000, 0x0000000716a00000, 0x0000000716a00000|100%| O|  |TAMS 0x0000000716800000, 0x0000000716800000| Untracked 
| 181|0x0000000716a00000, 0x0000000716c00000, 0x0000000716c00000|100%| O|  |TAMS 0x0000000716a00000, 0x0000000716a00000| Untracked 
| 182|0x0000000716c00000, 0x0000000716e00000, 0x0000000716e00000|100%| O|  |TAMS 0x0000000716c00000, 0x0000000716c00000| Untracked 
| 183|0x0000000716e00000, 0x0000000717000000, 0x0000000717000000|100%| O|  |TAMS 0x0000000716e00000, 0x0000000716e00000| Untracked 
| 184|0x0000000717000000, 0x0000000717200000, 0x0000000717200000|100%| O|  |TAMS 0x0000000717000000, 0x0000000717000000| Untracked 
| 185|0x0000000717200000, 0x0000000717400000, 0x0000000717400000|100%| O|  |TAMS 0x0000000717200000, 0x0000000717200000| Untracked 
| 186|0x0000000717400000, 0x0000000717600000, 0x0000000717600000|100%| O|  |TAMS 0x0000000717400000, 0x0000000717400000| Untracked 
| 187|0x0000000717600000, 0x0000000717800000, 0x0000000717800000|100%| O|  |TAMS 0x0000000717600000, 0x0000000717600000| Untracked 
| 188|0x0000000717800000, 0x0000000717a00000, 0x0000000717a00000|100%| O|  |TAMS 0x0000000717800000, 0x0000000717800000| Untracked 
| 189|0x0000000717a00000, 0x0000000717c00000, 0x0000000717c00000|100%| O|  |TAMS 0x0000000717a00000, 0x0000000717a00000| Untracked 
| 190|0x0000000717c00000, 0x0000000717e00000, 0x0000000717e00000|100%| O|  |TAMS 0x0000000717c00000, 0x0000000717c00000| Untracked 
| 191|0x0000000717e00000, 0x0000000718000000, 0x0000000718000000|100%| O|  |TAMS 0x0000000717e00000, 0x0000000717e00000| Untracked 
| 192|0x0000000718000000, 0x0000000718200000, 0x0000000718200000|100%| O|  |TAMS 0x0000000718000000, 0x0000000718000000| Untracked 
| 193|0x0000000718200000, 0x0000000718400000, 0x0000000718400000|100%| O|  |TAMS 0x0000000718200000, 0x0000000718200000| Untracked 
| 194|0x0000000718400000, 0x0000000718600000, 0x0000000718600000|100%| O|  |TAMS 0x0000000718400000, 0x0000000718400000| Untracked 
| 195|0x0000000718600000, 0x0000000718800000, 0x0000000718800000|100%| O|  |TAMS 0x0000000718600000, 0x0000000718600000| Untracked 
| 196|0x0000000718800000, 0x0000000718a00000, 0x0000000718a00000|100%| O|  |TAMS 0x0000000718800000, 0x0000000718800000| Untracked 
| 197|0x0000000718a00000, 0x0000000718c00000, 0x0000000718c00000|100%| O|  |TAMS 0x0000000718a00000, 0x0000000718a00000| Untracked 
| 198|0x0000000718c00000, 0x0000000718e00000, 0x0000000718e00000|100%| O|  |TAMS 0x0000000718c00000, 0x0000000718c00000| Untracked 
| 199|0x0000000718e00000, 0x0000000719000000, 0x0000000719000000|100%| O|  |TAMS 0x0000000718e00000, 0x0000000718e00000| Untracked 
| 200|0x0000000719000000, 0x0000000719200000, 0x0000000719200000|100%| O|  |TAMS 0x0000000719000000, 0x0000000719000000| Untracked 
| 201|0x0000000719200000, 0x0000000719400000, 0x0000000719400000|100%| O|  |TAMS 0x0000000719200000, 0x0000000719200000| Untracked 
| 202|0x0000000719400000, 0x0000000719600000, 0x0000000719600000|100%| O|  |TAMS 0x0000000719400000, 0x0000000719400000| Untracked 
| 203|0x0000000719600000, 0x0000000719800000, 0x0000000719800000|100%| O|  |TAMS 0x0000000719600000, 0x0000000719600000| Untracked 
| 204|0x0000000719800000, 0x0000000719a00000, 0x0000000719a00000|100%| O|  |TAMS 0x0000000719800000, 0x0000000719800000| Untracked 
| 205|0x0000000719a00000, 0x0000000719c00000, 0x0000000719c00000|100%| O|  |TAMS 0x0000000719a00000, 0x0000000719a00000| Untracked 
| 206|0x0000000719c00000, 0x0000000719e00000, 0x0000000719e00000|100%| O|  |TAMS 0x0000000719c00000, 0x0000000719c00000| Untracked 
| 207|0x0000000719e00000, 0x000000071a000000, 0x000000071a000000|100%| O|  |TAMS 0x0000000719e00000, 0x0000000719e00000| Untracked 
| 208|0x000000071a000000, 0x000000071a200000, 0x000000071a200000|100%|HS|  |TAMS 0x000000071a000000, 0x000000071a000000| Complete 
| 209|0x000000071a200000, 0x000000071a400000, 0x000000071a400000|100%| O|  |TAMS 0x000000071a200000, 0x000000071a200000| Untracked 
| 210|0x000000071a400000, 0x000000071a600000, 0x000000071a600000|100%| O|  |TAMS 0x000000071a400000, 0x000000071a400000| Untracked 
| 211|0x000000071a600000, 0x000000071a800000, 0x000000071a800000|100%| O|  |TAMS 0x000000071a600000, 0x000000071a600000| Untracked 
| 212|0x000000071a800000, 0x000000071aa00000, 0x000000071aa00000|100%| O|  |TAMS 0x000000071a800000, 0x000000071a800000| Untracked 
| 213|0x000000071aa00000, 0x000000071ac00000, 0x000000071ac00000|100%| O|  |TAMS 0x000000071aa00000, 0x000000071aa00000| Untracked 
| 214|0x000000071ac00000, 0x000000071ae00000, 0x000000071ae00000|100%| O|  |TAMS 0x000000071ac00000, 0x000000071ac00000| Untracked 
| 215|0x000000071ae00000, 0x000000071b000000, 0x000000071b000000|100%| O|  |TAMS 0x000000071ae00000, 0x000000071ae00000| Untracked 
| 216|0x000000071b000000, 0x000000071b200000, 0x000000071b200000|100%| O|  |TAMS 0x000000071b000000, 0x000000071b000000| Untracked 
| 217|0x000000071b200000, 0x000000071b400000, 0x000000071b400000|100%| O|  |TAMS 0x000000071b200000, 0x000000071b200000| Untracked 
| 218|0x000000071b400000, 0x000000071b600000, 0x000000071b600000|100%| O|  |TAMS 0x000000071b400000, 0x000000071b400000| Untracked 
| 219|0x000000071b600000, 0x000000071b800000, 0x000000071b800000|100%| O|  |TAMS 0x000000071b600000, 0x000000071b600000| Untracked 
| 220|0x000000071b800000, 0x000000071ba00000, 0x000000071ba00000|100%| O|  |TAMS 0x000000071b800000, 0x000000071b800000| Untracked 
| 221|0x000000071ba00000, 0x000000071bc00000, 0x000000071bc00000|100%| O|  |TAMS 0x000000071ba00000, 0x000000071ba00000| Untracked 
| 222|0x000000071bc00000, 0x000000071be00000, 0x000000071be00000|100%| O|  |TAMS 0x000000071bc00000, 0x000000071bc00000| Untracked 
| 223|0x000000071be00000, 0x000000071c000000, 0x000000071c000000|100%| O|  |TAMS 0x000000071be00000, 0x000000071be00000| Untracked 
| 224|0x000000071c000000, 0x000000071c200000, 0x000000071c200000|100%| O|  |TAMS 0x000000071c000000, 0x000000071c000000| Untracked 
| 225|0x000000071c200000, 0x000000071c400000, 0x000000071c400000|100%| O|  |TAMS 0x000000071c200000, 0x000000071c200000| Untracked 
| 226|0x000000071c400000, 0x000000071c600000, 0x000000071c600000|100%| O|  |TAMS 0x000000071c400000, 0x000000071c400000| Untracked 
| 227|0x000000071c600000, 0x000000071c800000, 0x000000071c800000|100%| O|  |TAMS 0x000000071c600000, 0x000000071c600000| Untracked 
| 228|0x000000071c800000, 0x000000071ca00000, 0x000000071ca00000|100%| O|  |TAMS 0x000000071c800000, 0x000000071c800000| Untracked 
| 229|0x000000071ca00000, 0x000000071cc00000, 0x000000071cc00000|100%| O|  |TAMS 0x000000071ca00000, 0x000000071ca00000| Untracked 
| 230|0x000000071cc00000, 0x000000071ce00000, 0x000000071ce00000|100%| O|  |TAMS 0x000000071cc00000, 0x000000071cc00000| Untracked 
| 231|0x000000071ce00000, 0x000000071d000000, 0x000000071d000000|100%| O|  |TAMS 0x000000071ce00000, 0x000000071ce00000| Untracked 
| 232|0x000000071d000000, 0x000000071d200000, 0x000000071d200000|100%| O|  |TAMS 0x000000071d000000, 0x000000071d000000| Untracked 
| 233|0x000000071d200000, 0x000000071d400000, 0x000000071d400000|100%| O|  |TAMS 0x000000071d200000, 0x000000071d200000| Untracked 
| 234|0x000000071d400000, 0x000000071d600000, 0x000000071d600000|100%| O|  |TAMS 0x000000071d400000, 0x000000071d400000| Untracked 
| 235|0x000000071d600000, 0x000000071d800000, 0x000000071d800000|100%| O|  |TAMS 0x000000071d600000, 0x000000071d600000| Untracked 
| 236|0x000000071d800000, 0x000000071d867000, 0x000000071da00000| 20%| O|  |TAMS 0x000000071d800000, 0x000000071d800000| Untracked 
| 237|0x000000071da00000, 0x000000071da00000, 0x000000071dc00000|  0%| F|  |TAMS 0x000000071da00000, 0x000000071da00000| Untracked 
| 238|0x000000071dc00000, 0x000000071dc00000, 0x000000071de00000|  0%| F|  |TAMS 0x000000071dc00000, 0x000000071dc00000| Untracked 
| 239|0x000000071de00000, 0x000000071de00000, 0x000000071e000000|  0%| F|  |TAMS 0x000000071de00000, 0x000000071de00000| Untracked 
| 240|0x000000071e000000, 0x000000071e000000, 0x000000071e200000|  0%| F|  |TAMS 0x000000071e000000, 0x000000071e000000| Untracked 
| 241|0x000000071e200000, 0x000000071e200000, 0x000000071e400000|  0%| F|  |TAMS 0x000000071e200000, 0x000000071e200000| Untracked 
| 242|0x000000071e400000, 0x000000071e400000, 0x000000071e600000|  0%| F|  |TAMS 0x000000071e400000, 0x000000071e400000| Untracked 
| 243|0x000000071e600000, 0x000000071e600000, 0x000000071e800000|  0%| F|  |TAMS 0x000000071e600000, 0x000000071e600000| Untracked 
| 244|0x000000071e800000, 0x000000071e800000, 0x000000071ea00000|  0%| F|  |TAMS 0x000000071e800000, 0x000000071e800000| Untracked 
| 245|0x000000071ea00000, 0x000000071ea00000, 0x000000071ec00000|  0%| F|  |TAMS 0x000000071ea00000, 0x000000071ea00000| Untracked 
| 246|0x000000071ec00000, 0x000000071ec00000, 0x000000071ee00000|  0%| F|  |TAMS 0x000000071ec00000, 0x000000071ec00000| Untracked 
| 247|0x000000071ee00000, 0x000000071ee00000, 0x000000071f000000|  0%| F|  |TAMS 0x000000071ee00000, 0x000000071ee00000| Untracked 
| 248|0x000000071f000000, 0x000000071f000000, 0x000000071f200000|  0%| F|  |TAMS 0x000000071f000000, 0x000000071f000000| Untracked 
| 249|0x000000071f200000, 0x000000071f200000, 0x000000071f400000|  0%| F|  |TAMS 0x000000071f200000, 0x000000071f200000| Untracked 
| 250|0x000000071f400000, 0x000000071f400000, 0x000000071f600000|  0%| F|  |TAMS 0x000000071f400000, 0x000000071f400000| Untracked 
| 251|0x000000071f600000, 0x000000071f600000, 0x000000071f800000|  0%| F|  |TAMS 0x000000071f600000, 0x000000071f600000| Untracked 
| 252|0x000000071f800000, 0x000000071f800000, 0x000000071fa00000|  0%| F|  |TAMS 0x000000071f800000, 0x000000071f800000| Untracked 
| 253|0x000000071fa00000, 0x000000071fa00000, 0x000000071fc00000|  0%| F|  |TAMS 0x000000071fa00000, 0x000000071fa00000| Untracked 
| 254|0x000000071fc00000, 0x000000071fc00000, 0x000000071fe00000|  0%| F|  |TAMS 0x000000071fc00000, 0x000000071fc00000| Untracked 
| 255|0x000000071fe00000, 0x000000071fe00000, 0x0000000720000000|  0%| F|  |TAMS 0x000000071fe00000, 0x000000071fe00000| Untracked 
| 256|0x0000000720000000, 0x0000000720000000, 0x0000000720200000|  0%| F|  |TAMS 0x0000000720000000, 0x0000000720000000| Untracked 
| 257|0x0000000720200000, 0x0000000720200000, 0x0000000720400000|  0%| F|  |TAMS 0x0000000720200000, 0x0000000720200000| Untracked 
| 258|0x0000000720400000, 0x0000000720400000, 0x0000000720600000|  0%| F|  |TAMS 0x0000000720400000, 0x0000000720400000| Untracked 
| 259|0x0000000720600000, 0x0000000720600000, 0x0000000720800000|  0%| F|  |TAMS 0x0000000720600000, 0x0000000720600000| Untracked 
| 260|0x0000000720800000, 0x0000000720800000, 0x0000000720a00000|  0%| F|  |TAMS 0x0000000720800000, 0x0000000720800000| Untracked 
| 261|0x0000000720a00000, 0x0000000720a00000, 0x0000000720c00000|  0%| F|  |TAMS 0x0000000720a00000, 0x0000000720a00000| Untracked 
| 262|0x0000000720c00000, 0x0000000720c00000, 0x0000000720e00000|  0%| F|  |TAMS 0x0000000720c00000, 0x0000000720c00000| Untracked 
| 263|0x0000000720e00000, 0x0000000720e00000, 0x0000000721000000|  0%| F|  |TAMS 0x0000000720e00000, 0x0000000720e00000| Untracked 
| 264|0x0000000721000000, 0x0000000721000000, 0x0000000721200000|  0%| F|  |TAMS 0x0000000721000000, 0x0000000721000000| Untracked 
| 265|0x0000000721200000, 0x0000000721200000, 0x0000000721400000|  0%| F|  |TAMS 0x0000000721200000, 0x0000000721200000| Untracked 
| 266|0x0000000721400000, 0x0000000721400000, 0x0000000721600000|  0%| F|  |TAMS 0x0000000721400000, 0x0000000721400000| Untracked 
| 267|0x0000000721600000, 0x0000000721600000, 0x0000000721800000|  0%| F|  |TAMS 0x0000000721600000, 0x0000000721600000| Untracked 
| 268|0x0000000721800000, 0x0000000721800000, 0x0000000721a00000|  0%| F|  |TAMS 0x0000000721800000, 0x0000000721800000| Untracked 
| 269|0x0000000721a00000, 0x0000000721a00000, 0x0000000721c00000|  0%| F|  |TAMS 0x0000000721a00000, 0x0000000721a00000| Untracked 
| 270|0x0000000721c00000, 0x0000000721c00000, 0x0000000721e00000|  0%| F|  |TAMS 0x0000000721c00000, 0x0000000721c00000| Untracked 
| 271|0x0000000721e00000, 0x0000000721e00000, 0x0000000722000000|  0%| F|  |TAMS 0x0000000721e00000, 0x0000000721e00000| Untracked 
| 272|0x0000000722000000, 0x0000000722000000, 0x0000000722200000|  0%| F|  |TAMS 0x0000000722000000, 0x0000000722000000| Untracked 
| 273|0x0000000722200000, 0x0000000722200000, 0x0000000722400000|  0%| F|  |TAMS 0x0000000722200000, 0x0000000722200000| Untracked 
| 274|0x0000000722400000, 0x0000000722586598, 0x0000000722600000| 76%| S|CS|TAMS 0x0000000722400000, 0x0000000722400000| Complete 
| 275|0x0000000722600000, 0x0000000722800000, 0x0000000722800000|100%| S|CS|TAMS 0x0000000722600000, 0x0000000722600000| Complete 
| 276|0x0000000722800000, 0x0000000722a00000, 0x0000000722a00000|100%| S|CS|TAMS 0x0000000722800000, 0x0000000722800000| Complete 
| 277|0x0000000722a00000, 0x0000000722a00000, 0x0000000722c00000|  0%| F|  |TAMS 0x0000000722a00000, 0x0000000722a00000| Untracked 
| 278|0x0000000722c00000, 0x0000000722c00000, 0x0000000722e00000|  0%| F|  |TAMS 0x0000000722c00000, 0x0000000722c00000| Untracked 
| 279|0x0000000722e00000, 0x0000000723000000, 0x0000000723000000|100%| S|CS|TAMS 0x0000000722e00000, 0x0000000722e00000| Complete 
| 280|0x0000000723000000, 0x0000000723000000, 0x0000000723200000|  0%| F|  |TAMS 0x0000000723000000, 0x0000000723000000| Untracked 
| 281|0x0000000723200000, 0x0000000723200000, 0x0000000723400000|  0%| F|  |TAMS 0x0000000723200000, 0x0000000723200000| Untracked 
| 282|0x0000000723400000, 0x0000000723400000, 0x0000000723600000|  0%| F|  |TAMS 0x0000000723400000, 0x0000000723400000| Untracked 
| 283|0x0000000723600000, 0x0000000723600000, 0x0000000723800000|  0%| F|  |TAMS 0x0000000723600000, 0x0000000723600000| Untracked 
| 284|0x0000000723800000, 0x0000000723800000, 0x0000000723a00000|  0%| F|  |TAMS 0x0000000723800000, 0x0000000723800000| Untracked 
| 285|0x0000000723a00000, 0x0000000723a00000, 0x0000000723c00000|  0%| F|  |TAMS 0x0000000723a00000, 0x0000000723a00000| Untracked 
| 286|0x0000000723c00000, 0x0000000723c00000, 0x0000000723e00000|  0%| F|  |TAMS 0x0000000723c00000, 0x0000000723c00000| Untracked 
| 287|0x0000000723e00000, 0x0000000723e00000, 0x0000000724000000|  0%| F|  |TAMS 0x0000000723e00000, 0x0000000723e00000| Untracked 
| 288|0x0000000724000000, 0x0000000724000000, 0x0000000724200000|  0%| F|  |TAMS 0x0000000724000000, 0x0000000724000000| Untracked 
| 289|0x0000000724200000, 0x0000000724200000, 0x0000000724400000|  0%| F|  |TAMS 0x0000000724200000, 0x0000000724200000| Untracked 
| 290|0x0000000724400000, 0x0000000724400000, 0x0000000724600000|  0%| F|  |TAMS 0x0000000724400000, 0x0000000724400000| Untracked 
| 291|0x0000000724600000, 0x0000000724600000, 0x0000000724800000|  0%| F|  |TAMS 0x0000000724600000, 0x0000000724600000| Untracked 
| 292|0x0000000724800000, 0x0000000724800000, 0x0000000724a00000|  0%| F|  |TAMS 0x0000000724800000, 0x0000000724800000| Untracked 
| 293|0x0000000724a00000, 0x0000000724a00000, 0x0000000724c00000|  0%| F|  |TAMS 0x0000000724a00000, 0x0000000724a00000| Untracked 
| 294|0x0000000724c00000, 0x0000000724c00000, 0x0000000724e00000|  0%| F|  |TAMS 0x0000000724c00000, 0x0000000724c00000| Untracked 
| 295|0x0000000724e00000, 0x0000000724e00000, 0x0000000725000000|  0%| F|  |TAMS 0x0000000724e00000, 0x0000000724e00000| Untracked 
| 296|0x0000000725000000, 0x0000000725000000, 0x0000000725200000|  0%| F|  |TAMS 0x0000000725000000, 0x0000000725000000| Untracked 
| 297|0x0000000725200000, 0x0000000725200000, 0x0000000725400000|  0%| F|  |TAMS 0x0000000725200000, 0x0000000725200000| Untracked 
| 298|0x0000000725400000, 0x0000000725400000, 0x0000000725600000|  0%| F|  |TAMS 0x0000000725400000, 0x0000000725400000| Untracked 
| 299|0x0000000725600000, 0x0000000725600000, 0x0000000725800000|  0%| F|  |TAMS 0x0000000725600000, 0x0000000725600000| Untracked 
| 300|0x0000000725800000, 0x0000000725800000, 0x0000000725a00000|  0%| F|  |TAMS 0x0000000725800000, 0x0000000725800000| Untracked 
| 301|0x0000000725a00000, 0x0000000725a00000, 0x0000000725c00000|  0%| F|  |TAMS 0x0000000725a00000, 0x0000000725a00000| Untracked 
| 302|0x0000000725c00000, 0x0000000725c00000, 0x0000000725e00000|  0%| F|  |TAMS 0x0000000725c00000, 0x0000000725c00000| Untracked 
| 303|0x0000000725e00000, 0x0000000725e00000, 0x0000000726000000|  0%| F|  |TAMS 0x0000000725e00000, 0x0000000725e00000| Untracked 
| 304|0x0000000726000000, 0x0000000726000000, 0x0000000726200000|  0%| F|  |TAMS 0x0000000726000000, 0x0000000726000000| Untracked 
| 305|0x0000000726200000, 0x0000000726200000, 0x0000000726400000|  0%| F|  |TAMS 0x0000000726200000, 0x0000000726200000| Untracked 
| 306|0x0000000726400000, 0x0000000726400000, 0x0000000726600000|  0%| F|  |TAMS 0x0000000726400000, 0x0000000726400000| Untracked 
| 307|0x0000000726600000, 0x0000000726600000, 0x0000000726800000|  0%| F|  |TAMS 0x0000000726600000, 0x0000000726600000| Untracked 
| 308|0x0000000726800000, 0x0000000726800000, 0x0000000726a00000|  0%| F|  |TAMS 0x0000000726800000, 0x0000000726800000| Untracked 
| 309|0x0000000726a00000, 0x0000000726a00000, 0x0000000726c00000|  0%| F|  |TAMS 0x0000000726a00000, 0x0000000726a00000| Untracked 
| 310|0x0000000726c00000, 0x0000000726c00000, 0x0000000726e00000|  0%| F|  |TAMS 0x0000000726c00000, 0x0000000726c00000| Untracked 
| 311|0x0000000726e00000, 0x0000000726e00000, 0x0000000727000000|  0%| F|  |TAMS 0x0000000726e00000, 0x0000000726e00000| Untracked 
| 312|0x0000000727000000, 0x0000000727000000, 0x0000000727200000|  0%| F|  |TAMS 0x0000000727000000, 0x0000000727000000| Untracked 
| 313|0x0000000727200000, 0x0000000727200000, 0x0000000727400000|  0%| F|  |TAMS 0x0000000727200000, 0x0000000727200000| Untracked 
| 314|0x0000000727400000, 0x0000000727400000, 0x0000000727600000|  0%| F|  |TAMS 0x0000000727400000, 0x0000000727400000| Untracked 
| 315|0x0000000727600000, 0x0000000727600000, 0x0000000727800000|  0%| F|  |TAMS 0x0000000727600000, 0x0000000727600000| Untracked 
| 316|0x0000000727800000, 0x0000000727800000, 0x0000000727a00000|  0%| F|  |TAMS 0x0000000727800000, 0x0000000727800000| Untracked 
| 317|0x0000000727a00000, 0x0000000727a00000, 0x0000000727c00000|  0%| F|  |TAMS 0x0000000727a00000, 0x0000000727a00000| Untracked 
| 318|0x0000000727c00000, 0x0000000727c00000, 0x0000000727e00000|  0%| F|  |TAMS 0x0000000727c00000, 0x0000000727c00000| Untracked 
| 319|0x0000000727e00000, 0x0000000727e00000, 0x0000000728000000|  0%| F|  |TAMS 0x0000000727e00000, 0x0000000727e00000| Untracked 
| 320|0x0000000728000000, 0x0000000728000000, 0x0000000728200000|  0%| F|  |TAMS 0x0000000728000000, 0x0000000728000000| Untracked 
| 321|0x0000000728200000, 0x0000000728200000, 0x0000000728400000|  0%| F|  |TAMS 0x0000000728200000, 0x0000000728200000| Untracked 

Card table byte_map: [0x000001b4f7210000,0x000001b4f7a10000] _byte_map_base: 0x000001b4f3a10000

Marking Bits (Prev, Next): (CMBitMap*) 0x000001b4dfc66000, (CMBitMap*) 0x000001b4dfc65fc0
 Prev Bits: [0x000001b480000000, 0x000001b484000000)
 Next Bits: [0x000001b4f8210000, 0x000001b4fc210000)

Polling page: 0x000001b4ddba0000

Metaspace:

Usage:
  Non-class:    118.84 MB used.
      Class:     19.09 MB used.
       Both:    137.93 MB used.

Virtual space:
  Non-class space:      128.00 MB reserved,     120.31 MB ( 94%) committed,  2 nodes.
      Class space:      416.00 MB reserved,      20.31 MB (  5%) committed,  1 nodes.
             Both:      544.00 MB reserved,     140.62 MB ( 26%) committed. 

Chunk freelists:
   Non-Class:  7.73 MB
       Class:  11.67 MB
        Both:  19.40 MB

MaxMetaspaceSize: 512.00 MB
CompressedClassSpaceSize: 416.00 MB
Initial GC threshold: 21.00 MB
Current GC threshold: 142.19 MB
CDS: on
MetaspaceReclaimPolicy: balanced
 - commit_granule_bytes: 65536.
 - commit_granule_words: 8192.
 - virtual_space_node_default_size: 8388608.
 - enlarge_chunks_in_place: 1.
 - new_chunks_are_fully_committed: 0.
 - uncommit_free_chunks: 1.
 - use_allocation_guard: 0.
 - handle_deallocations: 1.


Internal statistics:

num_allocs_failed_limit: 9.
num_arena_births: 3734.
num_arena_deaths: 2.
num_vsnodes_births: 3.
num_vsnodes_deaths: 0.
num_space_committed: 2249.
num_space_uncommitted: 0.
num_chunks_returned_to_freelist: 11.
num_chunks_taken_from_freelist: 10896.
num_chunk_merges: 9.
num_chunk_splits: 6558.
num_chunks_enlarged: 3520.
num_inconsistent_stats: 0.

CodeHeap 'non-profiled nmethods': size=120000Kb used=17284Kb max_used=17284Kb free=102715Kb
 bounds [0x000001b4eef90000, 0x000001b4f0080000, 0x000001b4f64c0000]
CodeHeap 'profiled nmethods': size=120000Kb used=36961Kb max_used=36961Kb free=83038Kb
 bounds [0x000001b4e74c0000, 0x000001b4e98e0000, 0x000001b4ee9f0000]
CodeHeap 'non-nmethods': size=5760Kb used=2485Kb max_used=2550Kb free=3274Kb
 bounds [0x000001b4ee9f0000, 0x000001b4eec70000, 0x000001b4eef90000]
 total_blobs=20636 nmethods=19608 adapters=938
 compilation: enabled
              stopped_count=0, restarted_count=0
 full_count=0

Compilation events (20 events):
Event: 48.515 Thread 0x000001b4ff41ac10 nmethod 23898 0x000001b4f006a990 code [0x000001b4f006ab60, 0x000001b4f006b1c8]
Event: 48.515 Thread 0x000001b4ff41ac10 23897       4       org.gradle.internal.io.StreamByteBuffer$StreamByteBufferChunk::bytesUnread (10 bytes)
Event: 48.516 Thread 0x000001b4ff41ac10 nmethod 23897 0x000001b4f006b510 code [0x000001b4f006b680, 0x000001b4f006b6f8]
Event: 48.516 Thread 0x000001b4ff41ac10 23893       4       com.google.common.collect.MapMakerInternalMap$WeakKeyDummyValueEntry$Helper::copy (17 bytes)
Event: 48.521 Thread 0x000001b4ff41ac10 nmethod 23893 0x000001b4f006b810 code [0x000001b4f006b9c0, 0x000001b4f006bf78]
Event: 48.521 Thread 0x000001b4ff41ac10 23894       4       com.google.common.collect.MapMakerInternalMap$WeakKeyDummyValueEntry$Helper::copy (26 bytes)
Event: 48.528 Thread 0x000001b4ff41ac10 nmethod 23894 0x000001b4f006c190 code [0x000001b4f006c320, 0x000001b4f006c918]
Event: 48.528 Thread 0x000001b4ff41ac10 23892   !   4       java.nio.file.FileTreeWalker::getAttributes (94 bytes)
Event: 48.532 Thread 0x000001b4ff41ac10 nmethod 23892 0x000001b4f006cb10 code [0x000001b4f006cce0, 0x000001b4f006d088]
Event: 48.532 Thread 0x000001b4ff41ac10 23887       4       sun.nio.fs.WindowsPath::resolve (6 bytes)
Event: 48.532 Thread 0x000001b4ff41ac10 nmethod 23887 0x000001b4f006d410 code [0x000001b4f006d5a0, 0x000001b4f006d648]
Event: 48.532 Thread 0x000001b4ff41ac10 23890       4       sun.nio.fs.WindowsPath::resolve (393 bytes)
Event: 48.541 Thread 0x000001b4ff41ac10 nmethod 23890 0x000001b4f006d710 code [0x000001b4f006d8e0, 0x000001b4f006e038]
Event: 48.541 Thread 0x000001b4ff41ac10 23888   !   4       org.gradle.internal.nativeintegration.filesystem.services.NativePlatformBackedFileMetadataAccessor::stat (269 bytes)
Event: 48.547 Thread 0x000001b4ff41ac10 nmethod 23888 0x000001b4f006e510 code [0x000001b4f006e700, 0x000001b4f006ebb8]
Event: 48.547 Thread 0x000001b4ff41ac10 23889       4       sun.nio.fs.WindowsPath::subpath (7 bytes)
Event: 48.548 Thread 0x000001b4ff41ac10 nmethod 23889 0x000001b4f006f090 code [0x000001b4f006f220, 0x000001b4f006f2c8]
Event: 48.552 Thread 0x000001b4ff41ac10 23899   !   4       java.util.concurrent.locks.AbstractQueuedSynchronizer::acquire (407 bytes)
Event: 48.594 Thread 0x000001b4ff41ac10 nmethod 23899 0x000001b4f006f390 code [0x000001b4f006f5a0, 0x000001b4f0070ae0]
Event: 48.594 Thread 0x000001b4ff41ac10 23900   !   4       java.nio.file.FileTreeWalker::visit (204 bytes)

GC Heap History (20 events):
Event: 34.703 GC heap after
{Heap after GC invocations=58 (full 0):
 garbage-first heap   total 659456K, used 402867K [0x0000000700000000, 0x0000000800000000)
  region size 2048K, 4 young (8192K), 4 survivors (8192K)
 Metaspace       used 135265K, committed 137728K, reserved 557056K
  class space    used 18858K, committed 19968K, reserved 425984K
}
Event: 35.869 GC heap before
{Heap before GC invocations=58 (full 0):
 garbage-first heap   total 659456K, used 540083K [0x0000000700000000, 0x0000000800000000)
  region size 2048K, 71 young (145408K), 4 survivors (8192K)
 Metaspace       used 137837K, committed 140352K, reserved 557056K
  class space    used 19184K, committed 20288K, reserved 425984K
}
Event: 35.883 GC heap after
{Heap after GC invocations=59 (full 0):
 garbage-first heap   total 659456K, used 414755K [0x0000000700000000, 0x0000000800000000)
  region size 2048K, 9 young (18432K), 9 survivors (18432K)
 Metaspace       used 137837K, committed 140352K, reserved 557056K
  class space    used 19184K, committed 20288K, reserved 425984K
}
Event: 36.734 GC heap before
{Heap before GC invocations=59 (full 0):
 garbage-first heap   total 659456K, used 545827K [0x0000000700000000, 0x0000000800000000)
  region size 2048K, 73 young (149504K), 9 survivors (18432K)
 Metaspace       used 138064K, committed 140608K, reserved 557056K
  class space    used 19213K, committed 20352K, reserved 425984K
}
Event: 36.752 GC heap after
{Heap after GC invocations=60 (full 0):
 garbage-first heap   total 659456K, used 425256K [0x0000000700000000, 0x0000000800000000)
  region size 2048K, 6 young (12288K), 6 survivors (12288K)
 Metaspace       used 138064K, committed 140608K, reserved 557056K
  class space    used 19213K, committed 20352K, reserved 425984K
}
Event: 37.562 GC heap before
{Heap before GC invocations=60 (full 0):
 garbage-first heap   total 659456K, used 550184K [0x0000000700000000, 0x0000000800000000)
  region size 2048K, 67 young (137216K), 6 survivors (12288K)
 Metaspace       used 138132K, committed 140672K, reserved 557056K
  class space    used 19213K, committed 20352K, reserved 425984K
}
Event: 37.582 GC heap after
{Heap after GC invocations=61 (full 0):
 garbage-first heap   total 659456K, used 435537K [0x0000000700000000, 0x0000000800000000)
  region size 2048K, 5 young (10240K), 5 survivors (10240K)
 Metaspace       used 138132K, committed 140672K, reserved 557056K
  class space    used 19213K, committed 20352K, reserved 425984K
}
Event: 38.122 GC heap before
{Heap before GC invocations=61 (full 0):
 garbage-first heap   total 659456K, used 558417K [0x0000000700000000, 0x0000000800000000)
  region size 2048K, 64 young (131072K), 5 survivors (10240K)
 Metaspace       used 138210K, committed 140736K, reserved 557056K
  class space    used 19215K, committed 20352K, reserved 425984K
}
Event: 38.135 GC heap after
{Heap after GC invocations=62 (full 0):
 garbage-first heap   total 659456K, used 446008K [0x0000000700000000, 0x0000000800000000)
  region size 2048K, 5 young (10240K), 5 survivors (10240K)
 Metaspace       used 138210K, committed 140736K, reserved 557056K
  class space    used 19215K, committed 20352K, reserved 425984K
}
Event: 38.834 GC heap before
{Heap before GC invocations=62 (full 0):
 garbage-first heap   total 659456K, used 558648K [0x0000000700000000, 0x0000000800000000)
  region size 2048K, 60 young (122880K), 5 survivors (10240K)
 Metaspace       used 138495K, committed 141056K, reserved 557056K
  class space    used 19256K, committed 20416K, reserved 425984K
}
Event: 38.847 GC heap after
{Heap after GC invocations=63 (full 0):
 garbage-first heap   total 659456K, used 459523K [0x0000000700000000, 0x0000000800000000)
  region size 2048K, 7 young (14336K), 7 survivors (14336K)
 Metaspace       used 138495K, committed 141056K, reserved 557056K
  class space    used 19256K, committed 20416K, reserved 425984K
}
Event: 39.514 GC heap before
{Heap before GC invocations=63 (full 0):
 garbage-first heap   total 659456K, used 561923K [0x0000000700000000, 0x0000000800000000)
  region size 2048K, 57 young (116736K), 7 survivors (14336K)
 Metaspace       used 138635K, committed 141248K, reserved 557056K
  class space    used 19280K, committed 20480K, reserved 425984K
}
Event: 39.530 GC heap after
{Heap after GC invocations=64 (full 0):
 garbage-first heap   total 659456K, used 472276K [0x0000000700000000, 0x0000000800000000)
  region size 2048K, 7 young (14336K), 7 survivors (14336K)
 Metaspace       used 138635K, committed 141248K, reserved 557056K
  class space    used 19280K, committed 20480K, reserved 425984K
}
Event: 40.035 GC heap before
{Heap before GC invocations=64 (full 0):
 garbage-first heap   total 659456K, used 560340K [0x0000000700000000, 0x0000000800000000)
  region size 2048K, 50 young (102400K), 7 survivors (14336K)
 Metaspace       used 138800K, committed 141440K, reserved 557056K
  class space    used 19294K, committed 20480K, reserved 425984K
}
Event: 40.048 GC heap after
{Heap after GC invocations=65 (full 0):
 garbage-first heap   total 659456K, used 480099K [0x0000000700000000, 0x0000000800000000)
  region size 2048K, 4 young (8192K), 4 survivors (8192K)
 Metaspace       used 138800K, committed 141440K, reserved 557056K
  class space    used 19294K, committed 20480K, reserved 425984K
}
Event: 48.144 GC heap before
{Heap before GC invocations=65 (full 0):
 garbage-first heap   total 659456K, used 564067K [0x0000000700000000, 0x0000000800000000)
  region size 2048K, 46 young (94208K), 4 survivors (8192K)
 Metaspace       used 141237K, committed 144000K, reserved 557056K
  class space    used 19547K, committed 20800K, reserved 425984K
}
Event: 48.160 GC heap after
{Heap after GC invocations=66 (full 0):
 garbage-first heap   total 659456K, used 486652K [0x0000000700000000, 0x0000000800000000)
  region size 2048K, 4 young (8192K), 4 survivors (8192K)
 Metaspace       used 141237K, committed 144000K, reserved 557056K
  class space    used 19547K, committed 20800K, reserved 425984K
}
Event: 48.364 GC heap before
{Heap before GC invocations=66 (full 0):
 garbage-first heap   total 659456K, used 564476K [0x0000000700000000, 0x0000000800000000)
  region size 2048K, 43 young (88064K), 4 survivors (8192K)
 Metaspace       used 141237K, committed 144000K, reserved 557056K
  class space    used 19547K, committed 20800K, reserved 425984K
}
Event: 48.372 GC heap after
{Heap after GC invocations=67 (full 0):
 garbage-first heap   total 659456K, used 489337K [0x0000000700000000, 0x0000000800000000)
  region size 2048K, 5 young (10240K), 5 survivors (10240K)
 Metaspace       used 141237K, committed 144000K, reserved 557056K
  class space    used 19547K, committed 20800K, reserved 425984K
}
Event: 48.618 GC heap before
{Heap before GC invocations=67 (full 0):
 garbage-first heap   total 659456K, used 567161K [0x0000000700000000, 0x0000000800000000)
  region size 2048K, 44 young (90112K), 5 survivors (10240K)
 Metaspace       used 141237K, committed 144000K, reserved 557056K
  class space    used 19547K, committed 20800K, reserved 425984K
}

Deoptimization events (20 events):
Event: 48.034 Thread 0x000001b4a3a686a0 DEOPT PACKING pc=0x000001b4ef834148 sp=0x00000008a4ffdd50
Event: 48.034 Thread 0x000001b4a3a67260 DEOPT UNPACKING pc=0x000001b4eea423a3 sp=0x00000008a56fdcb8 mode 2
Event: 48.034 Thread 0x000001b4ff7bec60 DEOPT UNPACKING pc=0x000001b4eea423a3 sp=0x00000008a3dfdea8 mode 2
Event: 48.034 Thread 0x000001b4a3a686a0 DEOPT UNPACKING pc=0x000001b4eea423a3 sp=0x00000008a4ffdc78 mode 2
Event: 48.058 Thread 0x000001b4a3a65400 Uncommon trap: trap_request=0xffffffc6 fr.pc=0x000001b4efa1ff1c relative=0x000000000000007c
Event: 48.058 Thread 0x000001b4a3a65400 Uncommon trap: reason=bimorphic_or_optimized_type_check action=maybe_recompile pc=0x000001b4efa1ff1c method=org.gradle.api.internal.artifacts.transform.TransformExecutionResult$Builder$MixedInputAndProducedOutputResult.lambda$resolveForWorkspace$1(Ljava/i
Event: 48.058 Thread 0x000001b4a3a65400 DEOPT PACKING pc=0x000001b4efa1ff1c sp=0x00000008a4dfe820
Event: 48.058 Thread 0x000001b4a3a65400 DEOPT UNPACKING pc=0x000001b4eea423a3 sp=0x00000008a4dfe740 mode 2
Event: 48.058 Thread 0x000001b4ff7bec60 Uncommon trap: trap_request=0xffffffc6 fr.pc=0x000001b4efa1ff1c relative=0x000000000000007c
Event: 48.058 Thread 0x000001b4ff7bec60 Uncommon trap: reason=bimorphic_or_optimized_type_check action=maybe_recompile pc=0x000001b4efa1ff1c method=org.gradle.api.internal.artifacts.transform.TransformExecutionResult$Builder$MixedInputAndProducedOutputResult.lambda$resolveForWorkspace$1(Ljava/i
Event: 48.058 Thread 0x000001b4ff7bec60 DEOPT PACKING pc=0x000001b4efa1ff1c sp=0x00000008a3dfe640
Event: 48.058 Thread 0x000001b4ff7bec60 DEOPT UNPACKING pc=0x000001b4eea423a3 sp=0x00000008a3dfe560 mode 2
Event: 48.061 Thread 0x000001b4a3a649e0 Uncommon trap: trap_request=0xffffffc6 fr.pc=0x000001b4efa1ff1c relative=0x000000000000007c
Event: 48.061 Thread 0x000001b4a3a649e0 Uncommon trap: reason=bimorphic_or_optimized_type_check action=maybe_recompile pc=0x000001b4efa1ff1c method=org.gradle.api.internal.artifacts.transform.TransformExecutionResult$Builder$MixedInputAndProducedOutputResult.lambda$resolveForWorkspace$1(Ljava/i
Event: 48.061 Thread 0x000001b4a3a649e0 DEOPT PACKING pc=0x000001b4efa1ff1c sp=0x00000008a57fe7e0
Event: 48.061 Thread 0x000001b4a3a649e0 DEOPT UNPACKING pc=0x000001b4eea423a3 sp=0x00000008a57fe700 mode 2
Event: 48.062 Thread 0x000001b4a3a686a0 Uncommon trap: trap_request=0xffffffc6 fr.pc=0x000001b4efa1ff1c relative=0x000000000000007c
Event: 48.062 Thread 0x000001b4a3a686a0 Uncommon trap: reason=bimorphic_or_optimized_type_check action=maybe_recompile pc=0x000001b4efa1ff1c method=org.gradle.api.internal.artifacts.transform.TransformExecutionResult$Builder$MixedInputAndProducedOutputResult.lambda$resolveForWorkspace$1(Ljava/i
Event: 48.062 Thread 0x000001b4a3a686a0 DEOPT PACKING pc=0x000001b4efa1ff1c sp=0x00000008a4ffe410
Event: 48.062 Thread 0x000001b4a3a686a0 DEOPT UNPACKING pc=0x000001b4eea423a3 sp=0x00000008a4ffe330 mode 2

Classes unloaded (1 events):
Event: 13.139 Thread 0x000001b4fee8e2d0 Unloading class 0x000001b485af0800 'java/lang/invoke/LambdaForm$MH+0x000001b485af0800'

Classes redefined (0 events):
No events

Internal exceptions (20 events):
Event: 45.508 Thread 0x000001b4a6015df0 Exception <a 'sun/nio/fs/WindowsException'{0x00000007254769e8}> (0x00000007254769e8) 
thrown [s\open\src\hotspot\share\prims\jni.cpp, line 516]
Event: 45.508 Thread 0x000001b4a6015df0 Exception <a 'sun/nio/fs/WindowsException'{0x0000000725476cf0}> (0x0000000725476cf0) 
thrown [s\open\src\hotspot\share\prims\jni.cpp, line 516]
Event: 46.219 Thread 0x000001b4a601be20 Exception <a 'sun/nio/fs/WindowsException'{0x00000007252b7258}> (0x00000007252b7258) 
thrown [s\open\src\hotspot\share\prims\jni.cpp, line 516]
Event: 46.219 Thread 0x000001b4a601be20 Exception <a 'sun/nio/fs/WindowsException'{0x00000007252b83f8}> (0x00000007252b83f8) 
thrown [s\open\src\hotspot\share\prims\jni.cpp, line 516]
Event: 46.220 Thread 0x000001b4a601be20 Exception <a 'sun/nio/fs/WindowsException'{0x00000007252b8488}> (0x00000007252b8488) 
thrown [s\open\src\hotspot\share\prims\jni.cpp, line 516]
Event: 46.220 Thread 0x000001b4a601be20 Exception <a 'sun/nio/fs/WindowsException'{0x00000007252b85f8}> (0x00000007252b85f8) 
thrown [s\open\src\hotspot\share\prims\jni.cpp, line 516]
Event: 46.938 Thread 0x000001b4a6018670 Exception <a 'sun/nio/fs/WindowsException'{0x0000000724edcaa0}> (0x0000000724edcaa0) 
thrown [s\open\src\hotspot\share\prims\jni.cpp, line 516]
Event: 46.938 Thread 0x000001b4a6018670 Exception <a 'sun/nio/fs/WindowsException'{0x0000000724eddc60}> (0x0000000724eddc60) 
thrown [s\open\src\hotspot\share\prims\jni.cpp, line 516]
Event: 46.938 Thread 0x000001b4a6018670 Exception <a 'sun/nio/fs/WindowsException'{0x0000000724eddcf0}> (0x0000000724eddcf0) 
thrown [s\open\src\hotspot\share\prims\jni.cpp, line 516]
Event: 46.939 Thread 0x000001b4a6018670 Exception <a 'sun/nio/fs/WindowsException'{0x0000000724ede230}> (0x0000000724ede230) 
thrown [s\open\src\hotspot\share\prims\jni.cpp, line 516]
Event: 46.949 Thread 0x000001b4a601be20 Exception <a 'sun/nio/fs/WindowsException'{0x0000000724f2ae40}> (0x0000000724f2ae40) 
thrown [s\open\src\hotspot\share\prims\jni.cpp, line 516]
Event: 46.949 Thread 0x000001b4a601be20 Exception <a 'sun/nio/fs/WindowsException'{0x0000000724f2c220}> (0x0000000724f2c220) 
thrown [s\open\src\hotspot\share\prims\jni.cpp, line 516]
Event: 46.949 Thread 0x000001b4a601be20 Exception <a 'sun/nio/fs/WindowsException'{0x0000000724f2c2b0}> (0x0000000724f2c2b0) 
thrown [s\open\src\hotspot\share\prims\jni.cpp, line 516]
Event: 46.949 Thread 0x000001b4a601be20 Exception <a 'sun/nio/fs/WindowsException'{0x0000000724f2c5b0}> (0x0000000724f2c5b0) 
thrown [s\open\src\hotspot\share\prims\jni.cpp, line 516]
Event: 47.930 Thread 0x000001b4a6018670 Exception <a 'sun/nio/fs/WindowsException'{0x0000000724d0c448}> (0x0000000724d0c448) 
thrown [s\open\src\hotspot\share\prims\jni.cpp, line 516]
Event: 47.931 Thread 0x000001b4a6018670 Exception <a 'sun/nio/fs/WindowsException'{0x0000000724d0d840}> (0x0000000724d0d840) 
thrown [s\open\src\hotspot\share\prims\jni.cpp, line 516]
Event: 47.931 Thread 0x000001b4a6018670 Exception <a 'sun/nio/fs/WindowsException'{0x0000000724d0d8d0}> (0x0000000724d0d8d0) 
thrown [s\open\src\hotspot\share\prims\jni.cpp, line 516]
Event: 47.931 Thread 0x000001b4a6018670 Exception <a 'sun/nio/fs/WindowsException'{0x0000000724d0dbb8}> (0x0000000724d0dbb8) 
thrown [s\open\src\hotspot\share\prims\jni.cpp, line 516]
Event: 47.935 Thread 0x000001b4a6017230 Exception <a 'java/lang/NoSuchMethodError'{0x0000000724d99e78}: static Lcom/android/build/api/variant/impl/ResValueKeyImpl;.<clinit>()V> (0x0000000724d99e78) 
thrown [s\open\src\hotspot\share\prims\jni.cpp, line 1112]
Event: 47.936 Thread 0x000001b4a6017230 Exception <a 'java/lang/NoSuchMethodError'{0x0000000724dbd6e0}: static Lcom/android/build/api/variant/ResValue;.<clinit>()V> (0x0000000724dbd6e0) 
thrown [s\open\src\hotspot\share\prims\jni.cpp, line 1112]

VM Operations (20 events):
Event: 41.346 Executing VM operation: ICBufferFull done
Event: 42.355 Executing VM operation: Cleanup
Event: 42.355 Executing VM operation: Cleanup done
Event: 43.355 Executing VM operation: Cleanup
Event: 43.355 Executing VM operation: Cleanup done
Event: 44.356 Executing VM operation: Cleanup
Event: 44.356 Executing VM operation: Cleanup done
Event: 45.356 Executing VM operation: Cleanup
Event: 45.357 Executing VM operation: Cleanup done
Event: 46.357 Executing VM operation: Cleanup
Event: 46.357 Executing VM operation: Cleanup done
Event: 47.358 Executing VM operation: Cleanup
Event: 47.358 Executing VM operation: Cleanup done
Event: 48.023 Executing VM operation: HandshakeAllThreads
Event: 48.023 Executing VM operation: HandshakeAllThreads done
Event: 48.144 Executing VM operation: G1CollectForAllocation
Event: 48.160 Executing VM operation: G1CollectForAllocation done
Event: 48.364 Executing VM operation: G1CollectForAllocation
Event: 48.372 Executing VM operation: G1CollectForAllocation done
Event: 48.618 Executing VM operation: G1CollectForAllocation

Events (20 events):
Event: 41.355 Thread 0x000001b4ff7ba070 Thread added: 0x000001b4ff7ba070
Event: 41.360 Thread 0x000001b4a82ba430 Thread added: 0x000001b4a82ba430
Event: 41.374 Thread 0x000001b4a66ea710 Thread added: 0x000001b4a66ea710
Event: 41.394 Thread 0x000001b4a66eac20 Thread added: 0x000001b4a66eac20
Event: 41.409 Thread 0x000001b4a66eb130 Thread added: 0x000001b4a66eb130
Event: 41.422 Thread 0x000001b4a66e6f60 Thread added: 0x000001b4a66e6f60
Event: 41.437 Thread 0x000001b4a66e7470 Thread added: 0x000001b4a66e7470
Event: 41.765 Thread 0x000001b4a82ba430 Thread exited: 0x000001b4a82ba430
Event: 42.118 Thread 0x000001b4a66e6a50 Thread added: 0x000001b4a66e6a50
Event: 42.124 Thread 0x000001b4a82ba430 Thread added: 0x000001b4a82ba430
Event: 42.554 Thread 0x000001b4a82ba430 Thread exited: 0x000001b4a82ba430
Event: 42.994 Thread 0x000001b4a82bd400 Thread added: 0x000001b4a82bd400
Event: 43.289 Thread 0x000001b4a82bd400 Thread exited: 0x000001b4a82bd400
Event: 44.712 loading class java/util/LinkedList$LLSpliterator
Event: 44.713 loading class java/util/LinkedList$LLSpliterator done
Event: 44.727 loading class java/nio/file/FileTreeWalker$1
Event: 44.727 loading class java/nio/file/FileTreeWalker$1 done
Event: 44.851 Thread 0x000001b4a82bfe80 Thread added: 0x000001b4a82bfe80
Event: 45.195 Thread 0x000001b4a82bfe80 Thread exited: 0x000001b4a82bfe80
Event: 48.104 Thread 0x000001b4ff41ac10 Thread added: 0x000001b4ff41ac10


Dynamic libraries:
0x00007ff788b70000 - 0x00007ff788b80000 	C:\Program Files\Java\jdk-17\bin\java.exe
0x00007ffa4b690000 - 0x00007ffa4b888000 	C:\WINDOWS\SYSTEM32\ntdll.dll
0x00007ffa4b0d0000 - 0x00007ffa4b192000 	C:\WINDOWS\System32\KERNEL32.DLL
0x00007ffa49380000 - 0x00007ffa49676000 	C:\WINDOWS\System32\KERNELBASE.dll
0x00007ffa48d20000 - 0x00007ffa48e20000 	C:\WINDOWS\System32\ucrtbase.dll
0x00007ffa3b420000 - 0x00007ffa3b439000 	C:\Program Files\Java\jdk-17\bin\jli.dll
0x00007ffa40b30000 - 0x00007ffa40b4b000 	C:\Program Files\Java\jdk-17\bin\VCRUNTIME140.dll
0x00007ffa4ada0000 - 0x00007ffa4ae51000 	C:\WINDOWS\System32\ADVAPI32.dll
0x00007ffa4a790000 - 0x00007ffa4a82e000 	C:\WINDOWS\System32\msvcrt.dll
0x00007ffa4a830000 - 0x00007ffa4a8cf000 	C:\WINDOWS\System32\sechost.dll
0x00007ffa4ac10000 - 0x00007ffa4ad33000 	C:\WINDOWS\System32\RPCRT4.dll
0x00007ffa490a0000 - 0x00007ffa490c7000 	C:\WINDOWS\System32\bcrypt.dll
0x00007ffa4b1a0000 - 0x00007ffa4b33d000 	C:\WINDOWS\System32\USER32.dll
0x00007ffa49680000 - 0x00007ffa496a2000 	C:\WINDOWS\System32\win32u.dll
0x00007ffa4ae60000 - 0x00007ffa4ae8b000 	C:\WINDOWS\System32\GDI32.dll
0x00007ffa48f80000 - 0x00007ffa49099000 	C:\WINDOWS\System32\gdi32full.dll
0x00007ffa490d0000 - 0x00007ffa4916d000 	C:\WINDOWS\System32\msvcp_win.dll
0x00007ffa31db0000 - 0x00007ffa3204a000 	C:\WINDOWS\WinSxS\amd64_microsoft.windows.common-controls_6595b64144ccf1df_6.0.19041.5915_none_60b4b9d171f9c7c7\COMCTL32.dll
0x00007ffa3b4a0000 - 0x00007ffa3b4aa000 	C:\WINDOWS\SYSTEM32\VERSION.dll
0x00007ffa4b600000 - 0x00007ffa4b62f000 	C:\WINDOWS\System32\IMM32.DLL
0x00007ffa42960000 - 0x00007ffa4296c000 	C:\Program Files\Java\jdk-17\bin\vcruntime140_1.dll
0x00007ffa1dc30000 - 0x00007ffa1dcbe000 	C:\Program Files\Java\jdk-17\bin\msvcp140.dll
0x00007ff9c1660000 - 0x00007ff9c2240000 	C:\Program Files\Java\jdk-17\bin\server\jvm.dll
0x00007ffa4b340000 - 0x00007ffa4b348000 	C:\WINDOWS\System32\PSAPI.DLL
0x00007ffa39b80000 - 0x00007ffa39ba7000 	C:\WINDOWS\SYSTEM32\WINMM.dll
0x00007ffa40ae0000 - 0x00007ffa40ae9000 	C:\WINDOWS\SYSTEM32\WSOCK32.dll
0x00007ffa4aae0000 - 0x00007ffa4ab4b000 	C:\WINDOWS\System32\WS2_32.dll
0x00007ffa47540000 - 0x00007ffa47552000 	C:\WINDOWS\SYSTEM32\kernel.appcore.dll
0x00007ffa40a60000 - 0x00007ffa40a6a000 	C:\Program Files\Java\jdk-17\bin\jimage.dll
0x00007ffa46890000 - 0x00007ffa46a91000 	C:\WINDOWS\SYSTEM32\DBGHELP.DLL
0x00007ffa205f0000 - 0x00007ffa20624000 	C:\WINDOWS\SYSTEM32\dbgcore.DLL
0x00007ffa492f0000 - 0x00007ffa49372000 	C:\WINDOWS\System32\bcryptPrimitives.dll
0x00007ffa244e0000 - 0x00007ffa244ee000 	C:\Program Files\Java\jdk-17\bin\instrument.dll
0x00007ffa344d0000 - 0x00007ffa344f5000 	C:\Program Files\Java\jdk-17\bin\java.dll
0x00007ffa1db50000 - 0x00007ffa1dc27000 	C:\Program Files\Java\jdk-17\bin\jsvml.dll
0x00007ffa497f0000 - 0x00007ffa49f5e000 	C:\WINDOWS\System32\SHELL32.dll
0x00007ffa46d80000 - 0x00007ffa47524000 	C:\WINDOWS\SYSTEM32\windows.storage.dll
0x00007ffa49f60000 - 0x00007ffa4a2b3000 	C:\WINDOWS\System32\combase.dll
0x00007ffa486e0000 - 0x00007ffa4870b000 	C:\WINDOWS\SYSTEM32\Wldp.dll
0x00007ffa4b480000 - 0x00007ffa4b54d000 	C:\WINDOWS\System32\OLEAUT32.dll
0x00007ffa4ab50000 - 0x00007ffa4abfd000 	C:\WINDOWS\System32\SHCORE.dll
0x00007ffa4a730000 - 0x00007ffa4a78b000 	C:\WINDOWS\System32\shlwapi.dll
0x00007ffa48c50000 - 0x00007ffa48c74000 	C:\WINDOWS\SYSTEM32\profapi.dll
0x00007ffa244f0000 - 0x00007ffa24508000 	C:\Program Files\Java\jdk-17\bin\zip.dll
0x00007ffa2ae90000 - 0x00007ffa2aea9000 	C:\Program Files\Java\jdk-17\bin\net.dll
0x00007ffa433e0000 - 0x00007ffa434ea000 	C:\WINDOWS\SYSTEM32\WINHTTP.dll
0x00007ffa48440000 - 0x00007ffa484aa000 	C:\WINDOWS\system32\mswsock.dll
0x00007ffa268a0000 - 0x00007ffa268b6000 	C:\Program Files\Java\jdk-17\bin\nio.dll
0x00007ffa3e7f0000 - 0x00007ffa3e800000 	C:\Program Files\Java\jdk-17\bin\verify.dll
0x00007ffa240e0000 - 0x00007ffa24107000 	C:\Users\PMLS\.gradle\native\1def1411415f61bf3af743bc5b6707747c0891f09f0c88961ee8f79bc544acac\windows-amd64\native-platform.dll
0x00007ffa1dad0000 - 0x00007ffa1db48000 	C:\Users\PMLS\.gradle\native\0.2.7\x86_64-windows-gnu\gradle-fileevents.dll
0x00007ffa34550000 - 0x00007ffa3455a000 	C:\Program Files\Java\jdk-17\bin\management.dll
0x00007ffa34480000 - 0x00007ffa3448b000 	C:\Program Files\Java\jdk-17\bin\management_ext.dll
0x00007ffa48120000 - 0x00007ffa4815b000 	C:\WINDOWS\SYSTEM32\IPHLPAPI.DLL
0x00007ffa4a8d0000 - 0x00007ffa4a8d8000 	C:\WINDOWS\System32\NSI.dll
0x00007ffa3f9f0000 - 0x00007ffa3fa07000 	C:\WINDOWS\SYSTEM32\dhcpcsvc6.DLL
0x00007ffa3fe00000 - 0x00007ffa3fe1d000 	C:\WINDOWS\SYSTEM32\dhcpcsvc.DLL
0x00007ffa48160000 - 0x00007ffa4822a000 	C:\WINDOWS\SYSTEM32\DNSAPI.dll
0x00007ffa48640000 - 0x00007ffa48658000 	C:\WINDOWS\SYSTEM32\CRYPTSP.dll
0x00007ffa47d00000 - 0x00007ffa47d38000 	C:\WINDOWS\system32\rsaenh.dll
0x00007ffa48c10000 - 0x00007ffa48c3e000 	C:\WINDOWS\SYSTEM32\USERENV.dll
0x00007ffa48630000 - 0x00007ffa4863c000 	C:\WINDOWS\SYSTEM32\CRYPTBASE.dll
0x00007ffa244d0000 - 0x00007ffa244de000 	C:\Program Files\Java\jdk-17\bin\sunmscapi.dll
0x00007ffa48e20000 - 0x00007ffa48f7d000 	C:\WINDOWS\System32\CRYPT32.dll
0x00007ffa48770000 - 0x00007ffa48797000 	C:\WINDOWS\SYSTEM32\ncrypt.dll
0x00007ffa48710000 - 0x00007ffa4874b000 	C:\WINDOWS\SYSTEM32\NTASN1.dll
0x00007ffa161b0000 - 0x00007ffa161b7000 	C:\WINDOWS\system32\wshunix.dll
0x00007ffa40af0000 - 0x00007ffa40b07000 	C:\WINDOWS\system32\napinsp.dll
0x00007ffa40760000 - 0x00007ffa4077b000 	C:\WINDOWS\system32\pnrpnsp.dll
0x00007ffa433c0000 - 0x00007ffa433dd000 	C:\WINDOWS\system32\NLAapi.dll
0x00007ffa3f9a0000 - 0x00007ffa3f9b2000 	C:\WINDOWS\System32\winrnr.dll
0x00007ffa18de0000 - 0x00007ffa18dfd000 	C:\WINDOWS\system32\wshbth.dll
0x00007ffa3f9e0000 - 0x00007ffa3f9ea000 	C:\Windows\System32\rasadhlp.dll
0x00007ffa3ecb0000 - 0x00007ffa3ed30000 	C:\WINDOWS\System32\fwpuclnt.dll

dbghelp: loaded successfully - version: 4.0.5 - missing functions: none
symbol engine: initialized successfully - sym options: 0x614 - pdb path: .;C:\Program Files\Java\jdk-17\bin;C:\WINDOWS\SYSTEM32;C:\WINDOWS\WinSxS\amd64_microsoft.windows.common-controls_6595b64144ccf1df_6.0.19041.5915_none_60b4b9d171f9c7c7;C:\Program Files\Java\jdk-17\bin\server;C:\Users\PMLS\.gradle\native\1def1411415f61bf3af743bc5b6707747c0891f09f0c88961ee8f79bc544acac\windows-amd64;C:\Users\PMLS\.gradle\native\0.2.7\x86_64-windows-gnu

VM Arguments:
jvm_args: --add-opens=java.base/java.lang=ALL-UNNAMED --add-opens=java.base/java.lang.invoke=ALL-UNNAMED --add-opens=java.base/java.util=ALL-UNNAMED --add-opens=java.prefs/java.util.prefs=ALL-UNNAMED --add-exports=jdk.compiler/com.sun.tools.javac.api=ALL-UNNAMED --add-exports=jdk.compiler/com.sun.tools.javac.util=ALL-UNNAMED --add-opens=java.base/java.util=ALL-UNNAMED --add-opens=java.prefs/java.util.prefs=ALL-UNNAMED --add-opens=java.base/java.nio.charset=ALL-UNNAMED --add-opens=java.base/java.net=ALL-UNNAMED --add-opens=java.base/java.util.concurrent.atomic=ALL-UNNAMED --add-opens=java.xml/javax.xml.namespace=ALL-UNNAMED -XX:MaxMetaspaceSize=512m -Xmx4096m -Dfile.encoding=windows-1252 -Duser.country=US -Duser.language=en -Duser.variant -javaagent:C:\Users\PMLS\.gradle\wrapper\dists\gradle-8.13-bin\5xuhj0ry160q40clulazy9h7d\gradle-8.13\lib\agents\gradle-instrumentation-agent-8.13.jar 
java_command: org.gradle.launcher.daemon.bootstrap.GradleDaemon 8.13
java_class_path (initial): C:\Users\PMLS\.gradle\wrapper\dists\gradle-8.13-bin\5xuhj0ry160q40clulazy9h7d\gradle-8.13\lib\gradle-daemon-main-8.13.jar
Launcher Type: SUN_STANDARD

[Global flags]
     intx CICompilerCount                          = 4                                         {product} {ergonomic}
   size_t CompressedClassSpaceSize                 = 436207616                                 {product} {ergonomic}
     uint ConcGCThreads                            = 3                                         {product} {ergonomic}
     uint G1ConcRefinementThreads                  = 10                                        {product} {ergonomic}
   size_t G1HeapRegionSize                         = 2097152                                   {product} {ergonomic}
    uintx GCDrainStackTargetSize                   = 64                                        {product} {ergonomic}
   size_t InitialHeapSize                          = 264241152                                 {product} {ergonomic}
   size_t MarkStackSize                            = 4194304                                   {product} {ergonomic}
   size_t MaxHeapSize                              = 4294967296                                {product} {command line}
   size_t MaxMetaspaceSize                         = 536870912                                 {product} {command line}
   size_t MaxNewSize                               = 2575302656                                {product} {ergonomic}
   size_t MinHeapDeltaBytes                        = 2097152                                   {product} {ergonomic}
   size_t MinHeapSize                              = 8388608                                   {product} {ergonomic}
    uintx NonNMethodCodeHeapSize                   = 5839372                                {pd product} {ergonomic}
    uintx NonProfiledCodeHeapSize                  = 122909434                              {pd product} {ergonomic}
    uintx ProfiledCodeHeapSize                     = 122909434                              {pd product} {ergonomic}
    uintx ReservedCodeCacheSize                    = 251658240                              {pd product} {ergonomic}
     bool SegmentedCodeCache                       = true                                      {product} {ergonomic}
   size_t SoftMaxHeapSize                          = 4294967296                             {manageable} {ergonomic}
     bool UseCompressedClassPointers               = true                           {product lp64_product} {ergonomic}
     bool UseCompressedOops                        = true                           {product lp64_product} {ergonomic}
     bool UseG1GC                                  = true                                      {product} {ergonomic}
     bool UseLargePagesIndividualAllocation        = false                                  {pd product} {ergonomic}

Logging:
Log output configuration:
 #0: stdout all=warning uptime,level,tags
 #1: stderr all=off uptime,level,tags

Environment Variables:
JAVA_HOME=C:\Program Files\Java\jdk-17
CLASSPATH=C:\Users\PMLS\AndroidStudioProjects\SafeMum\SafeMum\android\\gradle\wrapper\gradle-wrapper.jar
PATH=C:\Program Files\Common Files\Oracle\Java\javapath;C:\WINDOWS\system32;C:\WINDOWS;C:\WINDOWS\System32\Wbem;C:\WINDOWS\System32\WindowsPowerShell\v1.0\;C:\WINDOWS\System32\OpenSSH\;C:\Program Files\Git\cmd;C:\ProgramData\chocolatey\bin;C:\Program Files\nodejs\;C:\Users\PMLS\AppData\Local\Android\Sdk\platform-tools;C:\Program Files\OpenSSL-Win64\bin;C:\Users\PMLS\AppData\Local\Programs\Python\Python310\Scripts\;C:\Users\PMLS\AppData\Local\Programs\Python\Python310\;C:\Users\PMLS\AppData\Local\Programs\Python\Python314\Scripts\;C:\Users\PMLS\AppData\Local\Programs\Python\Python314\;C:\Users\PMLS\AppData\Local\Programs\Python\Python313\Scripts\;C:\Users\PMLS\AppData\Local\Programs\Python\Python313\;C:\Users\PMLS\AppData\Local\Android\Sdk\tools;C:\Users\PMLS\AppData\Local\Microsoft\WindowsApps;C:\Users\PMLS\AppData\Roaming\npm;C:\Program Files\Java\jdk-17;C:\Users\PMLS\AppData\Local\Programs\Microsoft VS Code\bin;C:\Program Files\Java\jdk-17\bin;C:\Users\PMLS\AppData\Local\Programs\cursor\resources\app\bin
USERNAME=Zahra
OS=Windows_NT
PROCESSOR_IDENTIFIER=Intel64 Family 6 Model 154 Stepping 4, GenuineIntel



---------------  S Y S T E M  ---------------

OS:
 Windows 10 , 64 bit Build 19041 (10.0.19041.5915)
OS uptime: 2 days 10:52 hours

CPU: total 12 (initial active 12) (6 cores per cpu, 2 threads per core) family 6 model 154 stepping 4 microcode 0x424, cx8, cmov, fxsr, ht, mmx, 3dnowpref, sse, sse2, sse3, ssse3, sse4.1, sse4.2, popcnt, lzcnt, tsc, tscinvbit, avx, avx2, aes, erms, clmul, bmi1, bmi2, adx, sha, fma, vzeroupper, clflush, clflushopt, clwb

Memory: 4k page, system-wide physical 16108M (519M free)
TotalPageFile size 46553M (AvailPageFile size 83M)
current process WorkingSet (physical memory assigned to process): 1042M, peak: 1076M
current process commit charge ("private bytes"): 1140M, peak: 1270M

vm_info: Java HotSpot(TM) 64-Bit Server VM (17.0.12+8-LTS-286) for windows-amd64 JRE (17.0.12+8-LTS-286), built on Jun  5 2024 06:46:59 by "mach5one" with MS VC++ 17.6 (VS2022)

END.
